temp_mean,temp_std,temp_roc_c_per_min,vib_rms,vib_peak,vib_kurtosis,label,run_id,split
3.9742806,0.17387109,0.6474105,0.45675567,0.48116,-0.33105883,0,none-1,train
4.0494595,0.13477457,0.30691838,0.4522675,0.48116,0.2899916,0,none-1,train
4.0705986,0.13038321,0.07647242,0.4396075,0.46526,-0.35817647,0,none-1,train
4.066687,0.124525614,-0.06673209,0.43625,0.46526,-0.09890546,0,none-1,train
4.030981,0.14373855,-0.14517097,0.423665,0.4459,-1.0713807,0,none-1,train
4.0122128,0.13743788,-0.33011612,0.42259,0.4459,-1.1154022,0,none-1,train
3.9799259,0.14152941,-0.32002982,0.4332275,0.48266,-0.7227565,0,none-1,train
3.9642103,0.09613619,0.1068779,0.44196,0.48266,-0.72898084,0,none-1,train
3.9475412,0.1061413,-0.088229515,0.44643626,0.48266,-0.37405187,0,none-1,train
3.9790258,0.1180456,-0.06415645,0.4498025,0.4763,-0.6736816,0,none-1,train
3.9715762,0.10424052,0.17210275,0.45611376,0.4834,-1.2034173,0,none-1,train
4.0048065,0.09101533,0.04100371,0.4603275,0.4834,-1.1280173,0,none-1,train
3.9586825,0.085373916,-0.25397322,0.46901876,0.509,0.21811703,0,none-1,train
4.0115776,0.14754058,0.37848532,0.46523374,0.509,0.61901116,0,none-1,train
3.9937556,0.15857276,0.403965,0.470575,0.509,0.32828462,0,none-1,train
4.0482917,0.16528226,0.03909,0.47215,0.509,1.3055518,0,none-1,train
4.001481,0.149605,0.19620678,0.47064376,0.49916,1.8967377,0,none-1,train
4.0328846,0.15661404,0.19582258,0.468685,0.49916,0.23732387,0,none-1,train
4.00052,0.17492412,-0.06612097,0.463145,0.48664,-1.000386,0,none-1,train
3.9722052,0.19644716,-0.4460434,0.44967625,0.48664,0.13888143,0,none-1,train
3.9446497,0.17101876,0.5670682,0.45029125,0.48664,0.18071972,0,none-1,train
3.9437678,0.13680056,0.2746921,0.44238874,0.47428,-1.0962849,0,none-1,train
3.9943838,0.11508377,-0.14241725,0.4365275,0.47428,-0.7375553,0,none-1,train
3.9940877,0.12305044,0.11630903,0.44487876,0.48126,-0.9609924,0,none-1,train
3.9991567,0.119799405,-0.35672227,0.449525,0.48126,-0.18095186,0,none-1,train
3.9952323,0.11622197,-0.12817404,0.47310624,0.49944,0.22430477,0,none-1,train
3.9673536,0.11985185,0.042031936,0.46601874,0.49944,-0.23504226,0,none-1,train
3.9581728,0.12816152,0.12872855,0.45665124,0.49944,-1.2626225,0,none-1,train
4.0147443,0.14406343,0.6151147,0.4453875,0.4785,0.21737427,0,none-1,train
4.049762,0.1317946,0.21471193,0.43561,0.45676,-0.74418813,0,none-1,train
4.1302657,0.11112952,-0.04622516,0.4424925,0.46662,-0.75329095,0,none-1,train
4.108677,0.1141321,-0.0037006452,0.44074,0.46662,-0.851015,0,none-1,train
4.099733,0.13023625,-0.41746548,0.44695,0.46662,-1.0908225,0,none-1,train
4.043693,0.12318322,-0.12777823,0.45024,0.48088,0.62464327,0,none-1,train
4.054613,0.12233622,-0.0034887097,0.45157,0.48088,0.38272867,0,none-1,train
3.99022,0.14538108,-0.3278134,0.448455,0.48088,-0.7868465,0,none-1,train
3.9792948,0.1438194,-0.52970904,0.4549325,0.49362,-1.1789404,0,none-1,train
3.9830246,0.14904507,0.37817225,0.4490375,0.49362,-1.1727905,0,none-1,train
4.0091524,0.105205595,0.11690081,0.465065,0.4955,-1.3190398,0,none-1,train
3.9582272,0.18325551,-0.999331,0.4535625,0.4955,-1.0608261,0,none-1,train
3.9341214,0.18294252,0.1242871,0.46054,0.4955,-1.0990804,0,none-1,train
4.0313735,0.29795766,1.4303342,0.46662876,0.50898,-1.2603481,0,none-1,train
4.4300303,0.4976361,3.1166365,0.4711875,0.50898,-0.9984471,0,none-1,train
4.732158,0.4132263,2.0235052,0.47148624,0.50898,-1.0699077,0,none-1,train
4.9123573,0.19410561,-0.5553189,0.44941875,0.47748,-0.7857311,0,none-1,train
4.9475446,0.19032353,0.31897888,0.44289374,0.47404,-0.75924885,0,none-1,train
5.022738,0.20817958,1.1018802,0.436465,0.47404,-1.0270101,0,none-1,train
5.0853486,0.16245613,-0.28931177,0.44177124,0.47404,-1.3799068,0,none-1,train
4.9056787,0.37320617,-2.1058528,0.44381374,0.47404,-0.7921388,0,none-1,train
4.52092,0.48639098,-3.0650072,0.44271874,0.46706,-0.16153227,0,none-1,train
4.240377,0.34713262,-1.5055054,0.4472825,0.46894,-0.4686776,0,none-1,train
4.1221285,0.13495734,0.616771,0.4459225,0.46894,-1.2121521,0,none-1,train
4.1306167,0.13745144,-0.098019674,0.45060125,0.47066,-1.152955,0,none-1,train
4.0788174,0.22258559,-0.8093666,0.43909124,0.47066,-1.016772,0,none-1,train
3.9958265,0.20185159,-0.39441338,0.43897,0.47066,-0.50082093,0,none-1,train
3.954913,0.1871197,-0.41429612,0.43323,0.45708,-0.49244744,0,none-1,train
3.9073536,0.11897484,-0.03756871,0.44166374,0.45708,-0.748218,0,none-1,train
3.863285,0.11880617,-0.24038371,0.4452775,0.46648,-0.6958396,0,none-1,train
3.8858967,0.13447219,0.37906307,0.4517425,0.46648,0.868735,0,none-1,train
3.9695058,0.1445848,0.7152885,0.453235,0.46648,1.9024419,0,none-1,train
4.013883,0.10016666,-0.07090403,0.45224,0.46462,0.21993686,0,none-1,train
3.9570413,0.15423493,-0.8053239,0.45453125,0.46996,-0.46568763,0,none-1,train
3.9130857,0.16636834,-0.040514033,0.45359376,0.46996,-1.0638536,0,none-1,train
3.9805298,0.20488216,0.9066948,0.44981876,0.46996,-1.4084939,0,none-1,train
4.0421915,0.17511551,0.36200517,0.44112125,0.46904,-0.19558392,0,none-1,train
4.0710807,0.13196784,-0.5639535,0.43551624,0.48844,0.27080435,0,none-1,train
4.0167685,0.12471759,-0.18361259,0.4501325,0.50756,-0.92060906,0,none-1,train
4.0373573,0.15784039,0.31915113,0.45122,0.50756,-0.79561573,0,none-1,train
4.027387,0.15100715,0.21614613,0.46279874,0.50756,-0.46105993,0,none-1,train
4.0587263,0.14228514,0.028784033,0.449175,0.47408,-0.5616283,0,none-1,train
4.0596805,0.15356505,0.1762829,0.45644876,0.48282,-0.5337524,0,none-1,train
4.0660024,0.14268307,-0.076189354,0.45252,0.48282,-0.7375555,0,none-1,train
4.0112834,0.15171199,-0.19327645,0.452365,0.48282,-0.99856377,0,none-1,train
3.987767,0.10916267,-0.31356436,0.44843125,0.47774,-0.35007563,0,none-1,train
3.9707632,0.11501229,0.29050016,0.448845,0.47394,-1.0040711,0,none-1,train
3.9809322,0.11536071,-0.080105804,0.4442575,0.4641,-1.1148537,0,none-1,train
3.989689,0.1144746,0.21800177,0.44646,0.4641,-0.84412485,0,none-1,train
3.9888697,0.10832809,0.16091952,0.4338,0.45592,-0.16925892,0,none-1,train
3.96878,0.13690011,-0.54464227,0.4435725,0.49952,-0.28163362,0,none-1,train
3.9602013,0.15819193,-0.03613016,0.43389875,0.49952,-0.70358056,0,none-1,train
4.018862,0.18534163,0.79129356,0.434805,0.49952,-0.507706,0,none-1,train
4.089343,0.16118912,0.4684529,0.432715,0.47294,-0.85899466,0,none-1,train
4.0618644,0.15497327,-0.7719053,0.43954,0.46276,-1.1156486,0,none-1,train
3.9534607,0.15998952,-0.7326164,0.45327625,0.47356,0.32879117,0,none-1,train
3.889613,0.1189653,0.100813545,0.45210624,0.47356,-0.8834135,0,none-1,train
3.9226239,0.13920687,0.7045766,0.4543825,0.47356,-0.6699635,0,none-1,train
4.0214853,0.14539067,0.68200934,0.44715375,0.46388,-1.2737616,0,none-1,train
4.026833,0.12817325,-0.013220807,0.44657126,0.46388,-1.1407744,0,none-1,train
4.0290394,0.11309713,-0.3133321,0.449425,0.48242,-0.4846397,0,none-1,train
3.9911213,0.09350287,0.27102292,0.45334125,0.48242,-0.09703684,0,none-1,train
4.0489073,0.14303836,0.30385935,0.45209375,0.48242,-0.6676911,0,none-1,train
4.03737,0.15473628,-0.16478951,0.46705875,0.50942,-1.1852679,0,none-1,train
4.023672,0.15467799,-0.60567147,0.4703975,0.50942,-1.4787998,0,none-1,train
3.9953477,0.09378091,0.31105694,0.47438875,0.50942,-1.2993549,0,none-1,train
3.9969902,0.11010707,0.058775805,0.46433875,0.50942,0.116859116,0,none-1,train
3.9971206,0.10565484,-0.3777179,0.45441124,0.47158,-0.46897113,0,none-1,train
3.956347,0.107106015,-0.1152842,0.46018624,0.48324,-0.15127133,0,none-1,train
3.9541569,0.09447895,0.22354065,0.45351,0.48324,-1.0210589,0,none-1,train
3.9874928,0.10227183,0.28211176,0.45000374,0.48324,-0.93856764,0,none-1,train
4.0887947,0.13360731,0.61333597,0.43823874,0.45238,-0.57527983,0,none-1,train
4.0803885,0.14760254,-0.04147742,0.4374,0.4567,-0.5697729,0,none-1,train
4.057413,0.15696126,-0.76100564,0.44268876,0.46968,-0.7981909,0,none-1,train
4.0173273,0.12264925,0.042112257,0.44798374,0.46968,-0.8441288,0,none-1,train
3.9837613,0.092267066,-0.060268547,0.45135126,0.46968,-0.6129801,0,none-1,train
4.0204535,0.09486651,-0.09609339,0.44626626,0.46592,1.5201867,0,none-1,train
3.9929452,0.101193294,0.11885709,0.4409125,0.47166,0.76025295,0,none-1,train
4.0160213,0.1020436,-0.15253451,0.43793,0.47166,0.078395404,0,none-1,train
4.037329,0.1224606,0.104683064,0.44175375,0.47166,-1.2298787,0,none-1,train
4.018353,0.11958315,-0.0007945161,0.45252624,0.47404,-0.30768803,0,none-1,train
3.9878645,0.12413631,-0.39318243,0.45733374,0.47548,1.4966592,0,none-1,train
3.9167051,0.08327138,-0.24987581,0.46364626,0.483,-0.98202443,0,none-1,train
3.9167657,0.08030113,0.10282984,0.47049874,0.4958,-1.1680183,0,none-1,train
3.9136136,0.084587194,0.0639871,0.46662,0.4958,-0.9623899,0,none-1,train
3.9333491,0.085034825,-0.085586615,0.45394126,0.4958,-1.5698003,0,none-1,train
3.9958975,0.20710671,0.8219221,0.4365525,0.47908,-0.2528806,0,none-1,train
4.0425444,0.20122121,0.325515,0.4318825,0.46132,-0.5269151,0,none-1,train
4.01317,0.21903831,-0.48053226,0.4512425,0.51306,-0.23379104,0,none-1,train
4.0331826,0.14088666,-0.6955819,0.441961,0.4731,-0.63152045,0,none-2,train
3.9624987,0.13346365,-0.5928286,0.43848,0.46592,0.79056895,0,none-2,train
3.930364,0.10906621,0.2746147,0.4558075,0.49674,-1.2335718,0,none-2,train
3.9717393,0.11321161,0.43206096,0.45894,0.49674,-1.203928,0,none-2,train
4.0520587,0.121329926,0.18730403,0.469345,0.49674,-0.43785676,0,none-2,train
4.039411,0.11271848,-0.09361016,0.4697325,0.4907,0.3295665,0,none-2,train
4.026508,0.12610374,-0.48701322,0.4695625,0.4907,-0.70228356,0,none-2,train
3.9688678,0.09588376,-0.12848565,0.46535876,0.48594,-1.0904503,0,none-2,train
3.9746883,0.112850636,0.12749662,0.45147124,0.47242,-1.2523793,0,none-2,train
3.977518,0.11162773,-0.12216532,0.44283125,0.47242,-1.3105958,0,none-2,train
3.9453704,0.105639555,-0.14583,0.42961624,0.44692,-0.53283596,0,none-2,train
3.964829,0.09949741,0.15968177,0.4225525,0.44692,2.0447679,0,none-2,train
3.9636033,0.10540169,0.24895984,0.434145,0.48374,-0.5084765,0,none-2,train
4.023396,0.10210058,0.23126128,0.44554624,0.48374,-1.1622025,0,none-2,train
4.0023046,0.112400584,0.19304323,0.45478126,0.48374,-0.032416042,0,none-2,train
4.021745,0.11964288,-0.11773936,0.4515675,0.48374,-0.608283,0,none-2,train
3.998718,0.15212908,-0.03307113,0.45656374,0.48692,-1.0885984,0,none-2,train
3.9717782,0.19159853,-0.6083927,0.4575575,0.48692,-0.90528727,0,none-2,train
3.9170969,0.1977141,-0.589635,0.46153376,0.48692,-1.2050653,0,none-2,train
3.9119065,0.18390523,0.19471452,0.44607124,0.48104,-0.39301327,0,none-2,train
3.9618354,0.1814454,0.7288539,0.43951374,0.46196,-0.85931915,0,none-2,train
4.0207405,0.11671301,-0.21267775,0.43712124,0.46196,-0.5264368,0,none-2,train
3.947227,0.13988444,-0.50221115,0.4474725,0.47688,-1.375433,0,none-2,train
3.903564,0.10574136,-0.245565,0.45084125,0.47688,-0.8945101,0,none-2,train
3.906289,0.11166091,0.4385284,0.448605,0.47688,0.019614045,0,none-2,train
3.9607027,0.09644193,0.3945542,0.44897124,0.49184,0.6719706,0,none-2,train
3.9846497,0.09823175,-0.08587355,0.4531575,0.49184,0.2005185,0,none-2,train
3.9952142,0.12777826,-0.034664515,0.4541775,0.49184,0.03596277,0,none-2,train
3.9276161,0.17430088,-0.4282234,0.46212626,0.49184,0.37826243,0,none-2,train
3.8953993,0.15694134,-0.21922404,0.46514124,0.48928,-0.12728116,0,none-2,train
3.9205,0.18675049,0.88733566,0.46537125,0.48928,-0.9268457,0,none-2,train
3.9873672,0.15139842,0.33584273,0.45951626,0.48928,-1.3877668,0,none-2,train
4.0335374,0.13827014,0.075857416,0.44876,0.47912,-0.29909834,0,none-2,train
4.105483,0.20973414,0.8127097,0.44900125,0.47198,-0.8169552,0,none-2,train
4.41174,0.44266924,2.756534,0.45284376,0.47198,-0.7831049,0,none-2,train
4.7411227,0.40674454,2.3638897,0.45224124,0.47198,-0.29146063,0,none-2,train
4.9682727,0.21079843,-0.27723533,0.452245,0.47024,-0.36042172,0,none-2,train
4.6410193,0.538453,-3.1969593,0.4566725,0.47424,0.52676916,0,none-2,train
4.319803,0.48901123,-2.5868568,0.46292,0.47966,-0.052805707,0,none-2,train
4.020243,0.12176323,0.2113771,0.46260625,0.47966,0.59833866,0,none-2,train
4.049282,0.10608682,0.05350016,0.4563375,0.47966,-0.28554377,0,none-2,train
3.9940658,0.14830676,-0.62265193,0.46483624,0.50884,-0.69321495,0,none-2,train
3.9370935,0.17005181,-0.5981758,0.46240374,0.50884,-0.98600423,0,none-2,train
3.926471,0.1545056,0.48962322,0.45428,0.50884,-1.3911465,0,none-2,train
3.9532878,0.17593423,0.38625485,0.44426376,0.50884,0.085695386,0,none-2,train
3.9951162,0.13259518,-0.4408897,0.43763626,0.47096,-0.62214464,0,none-2,train
3.931827,0.13576,-0.3426726,0.44651875,0.47096,-0.67472553,0,none-2,train
3.9433606,0.14362161,0.015196452,0.43862125,0.47096,-0.47305495,0,none-2,train
3.9284863,0.15082514,-0.15409017,0.4363125,0.46152,-1.0688224,0,none-2,train
4.0338535,0.1798615,0.41529098,0.44222,0.47838,-1.2450725,0,none-2,train
3.9839916,0.18113017,-0.11586532,0.45134124,0.47838,-0.24605952,0,none-2,train
3.9855504,0.17729574,-0.7141834,0.46218,0.49338,0.043200962,0,none-2,train
3.9229162,0.11781581,0.27722275,0.45773375,0.49338,0.17304997,0,none-2,train
3.9879382,0.1301022,0.4933684,0.453605,0.49338,-0.5197328,0,none-2,train
4.029286,0.11031229,0.059772097,0.44566125,0.47748,-0.6331937,0,none-2,train
3.97684,0.16671772,-0.6037355,0.44195125,0.46326,-0.9019076,0,none-2,train
3.9678206,0.16092695,0.114747584,0.45208,0.49572,-0.47667536,0,none-2,train
3.9649386,0.17140453,0.25924066,0.45190126,0.49572,-0.75957644,0,none-2,train
4.0074606,0.15421739,0.28954452,0.45074126,0.49572,-0.6288703,0,none-2,train
4.0140266,0.114292994,0.17098935,0.44610626,0.47328,-1.1346291,0,none-2,train
4.0347853,0.11909814,0.24200177,0.45457375,0.47678,-0.8213974,0,none-2,train
4.0192366,0.109493464,-0.094237745,0.460845,0.47678,1.7975706,0,none-2,train
3.9271328,0.16581894,-0.6592321,0.46647874,0.47678,-0.8954486,0,none-2,train
3.9319677,0.18671712,0.14673968,0.4531025,0.47316,-0.74273425,0,none-2,train
3.9455187,0.18476857,0.7786674,0.44958875,0.47316,-0.8205815,0,none-2,train
4.0739594,0.1837834,0.39549774,0.44452876,0.46346,-0.94640124,0,none-2,train
4.061199,0.15464306,-0.33752275,0.4365175,0.46346,-1.0793208,0,none-2,train
4.033956,0.16078113,-0.6106326,0.43312,0.46346,-1.0419765,0,none-2,train
3.9503393,0.07422556,-0.24528725,0.42919126,0.45748,-1.1574774,0,none-2,train
3.9987762,0.112771064,0.31624112,0.44363374,0.47992,-0.35329387,0,none-2,train
3.972653,0.12690142,0.12494855,0.44784126,0.47992,-0.4184086,0,none-2,train
4.017337,0.12532872,-0.18083951,0.4463025,0.47992,-0.58256197,0,none-2,train
3.9971702,0.10518093,0.30549,0.44098124,0.47992,0.11363607,0,none-2,train
4.021097,0.10545685,-0.24993096,0.4249225,0.4594,-0.68749464,0,none-2,train
4.003969,0.09084435,-0.25668436,0.42486125,0.4594,-0.8648476,0,none-2,train
3.9920244,0.104571626,-0.118749194,0.43175125,0.47132,-1.1803001,0,none-2,train
3.95194,0.09426268,-0.35974693,0.45021874,0.47428,-0.9108106,0,none-2,train
3.9400773,0.10235208,-0.23170064,0.46927375,0.50498,-0.64378756,0,none-2,train
3.933831,0.086355425,0.41665354,0.4799675,0.51222,-1.4637603,0,none-2,train
3.9792736,0.07385607,0.28514275,0.4697825,0.51222,-1.2225442,0,none-2,train
3.9900355,0.08263823,-0.041134838,0.45254126,0.51222,-1.089998,0,none-2,train
3.998422,0.09481041,0.085201934,0.42946,0.45896,-0.7407419,0,none-2,train
4.0087657,0.118213944,0.29412678,0.423235,0.44532,-1.2314851,0,none-2,train
3.9878974,0.11729033,-0.38599548,0.43084124,0.48272,-0.3367541,0,none-2,train
4.001558,0.12153748,0.17150274,0.4515625,0.49254,-1.5752001,0,none-2,train
4.0119305,0.11339939,0.33756968,0.46433625,0.49254,-0.40105364,0,none-2,train
4.0608625,0.0762326,-0.045260806,0.4590725,0.49254,-1.3343904,0,none-2,train
4.0114284,0.12650874,-0.33357823,0.451295,0.47788,-1.0578914,0,none-2,train
3.9805143,0.11337563,-0.13460274,0.4356475,0.47588,-0.9864124,0,none-2,train
3.985142,0.12311361,0.3936905,0.43412626,0.47588,-1.1142914,0,none-2,train
4.0298834,0.08165754,0.101055965,0.428035,0.45432,-1.0987865,0,none-2,train
4.0239344,0.08816719,-0.20450516,0.43619,0.4741,-0.47239158,0,none-2,train
3.9782994,0.098543055,-0.28381354,0.45111874,0.48426,-0.465442,0,none-2,train
3.916302,0.10597312,-0.41209742,0.45499125,0.48426,-0.34431627,0,none-2,train
3.9385574,0.1347548,0.21310355,0.45231125,0.48426,0.048382163,0,none-2,train
3.9597728,0.14318572,0.6111218,0.4462475,0.46382,-0.124696314,0,none-2,train
4.0583444,0.12490167,0.32181144,0.4418825,0.46382,-1.0422896,0,none-2,train
4.0761943,0.11046913,-0.007352419,0.438025,0.46316,-0.57394814,0,none-2,train
4.0843773,0.099043526,-0.013904032,0.44531876,0.4823,-0.7747243,0,none-2,train
4.046859,0.0877458,-0.17373823,0.45086125,0.4823,-0.029838068,0,none-2,train
4.0235214,0.10794653,-0.36094114,0.46306875,0.4823,0.1487812,0,none-2,train
4.1346188,0.32549226,1.4957197,0.455855,0.47618,-0.21286666,0,none-2,train
4.3957434,0.40881747,2.30442,0.4478775,0.47618,-1.5596174,0,none-2,train
4.7021704,0.31804892,1.5707202,0.43397626,0.46858,0.33561665,0,none-2,train
4.8846936,0.124107726,0.1742787,0.426615,0.4419,-0.57171625,0,none-2,train
4.918251,0.15882647,-0.0999721,0.42748126,0.44864,-0.7717005,0,none-2,train
4.879006,0.17214616,-0.5584998,0.43178374,0.44864,-1.1482263,0,none-2,train
4.9127207,0.19656819,0.17770597,0.44646874,0.47968,-0.76385677,0,none-2,train
4.941903,0.17918746,0.78724986,0.44744626,0.47968,-0.6848702,0,none-2,train
5.0570827,0.1430848,0.22173145,0.44378626,0.47968,-0.9384173,0,none-2,train
5.0999117,0.14884491,0.040704194,0.43074125,0.45952,-0.82859665,0,none-2,train
5.12233,0.14773855,-0.15304452,0.43194124,0.46082,-0.6414114,0,none-2,train
5.1127367,0.1490771,-0.20305355,0.43900624,0.4626,-0.79829013,0,none-2,train
4.888662,0.39523733,-1.9174534,0.45036376,0.4626,-0.8015435,0,none-2,train
4.5081277,0.5542383,-2.9522085,0.45471874,0.4628,-0.9823961,0,none-2,train
4.160636,0.41749233,-1.666499,0.45177376,0.4628,-0.035896555,0,none-2,train
3.9275787,0.19604978,0.111209035,0.4501075,0.46844,0.039866693,0,none-2,train
3.8357124,0.07633389,0.022215484,0.44529644,0.4632,3.727488,0,none-3,train
3.9173949,0.15549931,0.8155563,0.45845124,0.48308,-0.22840615,0,none-3,train
3.9605405,0.14103648,0.4940976,0.45793375,0.48308,0.1947488,0,none-3,train
4.027536,0.09737632,-0.18295452,0.45791876,0.48308,-0.5802751,0,none-3,train
4.0084434,0.11588274,0.08444613,0.4577225,0.4771,-0.9302015,0,none-3,train
3.9826891,0.1282883,-0.46123743,0.44972876,0.4771,-1.4673976,0,none-3,train
3.979549,0.12906314,-0.075041614,0.44676375,0.4771,-1.4344734,0,none-3,train
3.980471,0.095246896,0.42867726,0.44229376,0.46122,-1.4366807,0,none-3,train
4.017376,0.07063898,0.012908226,0.45263875,0.48678,0.08043902,0,none-3,train
4.060519,0.08970094,0.2300521,0.4591875,0.48678,1.1480663,0,none-3,train
4.0344305,0.094752215,0.07733903,0.45238125,0.48678,-0.56514066,0,none-3,train
4.0555983,0.09390809,-0.18847935,0.4486225,0.46828,-1.2801683,0,none-3,train
4.03854,0.09852273,0.13647968,0.44333875,0.46816,-1.1153901,0,none-3,train
4.035412,0.107106455,-0.09309145,0.44557625,0.46816,-1.1788851,0,none-3,train
4.0222554,0.10200057,-0.08660468,0.4421525,0.4608,-0.832913,0,none-3,train
3.9910316,0.07490058,-0.003930484,0.43968374,0.4608,-0.27897778,0,none-3,train
3.991645,0.07062073,-0.18015388,0.4324425,0.44576,0.26714325,0,none-3,train
4.0128617,0.09907259,0.32851693,0.42745376,0.44576,-0.9130602,0,none-3,train
4.020493,0.117601216,0.16569532,0.42812374,0.44576,-0.75065374,0,none-3,train
4.0491343,0.11523584,-0.014904678,0.43631876,0.46968,-0.61060613,0,none-3,train
4.037851,0.108598135,0.31109515,0.4485,0.47808,-1.2157946,0,none-3,train
4.058313,0.08056305,0.097916126,0.44594124,0.47808,-1.0946691,0,none-3,train
4.035131,0.102161646,-0.24087387,0.44488624,0.47808,-1.4036745,0,none-3,train
4.0707827,0.13472965,0.27573243,0.43514624,0.4724,-0.17214891,0,none-3,train
4.0405245,0.14748149,-0.0042788708,0.43986624,0.4724,-0.6575464,0,none-3,train
3.9470336,0.25355455,-1.5509351,0.44014874,0.46346,-0.5944199,0,none-3,train
3.8181362,0.18480414,-0.5441516,0.44175375,0.48808,2.1755834,0,none-3,train
3.8175116,0.1975834,0.5540734,0.449175,0.4923,-0.52503955,0,none-3,train
3.9271123,0.1988289,0.84320325,0.43628374,0.4923,-0.82742465,0,none-3,train
4.0175,0.14414392,0.16090839,0.43264624,0.4923,-0.6790661,0,none-3,train
4.042578,0.12129241,0.13379419,0.4202075,0.4557,0.38857284,0,none-3,train
4.0239882,0.09610521,-0.34746,0.436505,0.4725,-1.2146899,0,none-3,train
4.0027957,0.07735504,-0.10187129,0.44632876,0.4725,-1.0749153,0,none-3,train
3.9719632,0.064665526,0.08480081,0.439455,0.4725,-1.0125785,0,none-3,train
4.013989,0.10725804,0.37616274,0.43133876,0.46136,-0.81146353,0,none-3,train
3.9871407,0.13065735,-0.088213064,0.43238875,0.46176,-0.932299,0,none-3,train
4.0229077,0.13641095,0.18091162,0.44775626,0.47778,-0.7202996,0,none-3,train
4.0377045,0.14739196,0.5293703,0.457375,0.47778,0.6855168,0,none-3,train
4.096807,0.14562126,-0.044260643,0.4551125,0.47778,-0.8184671,0,none-3,train
4.0676646,0.15717353,-0.39693823,0.46466,0.504,-0.55769426,0,none-3,train
4.040539,0.15329325,-0.47834855,0.4560875,0.504,-0.56560266,0,none-3,train
3.9745433,0.07977636,-0.06319887,0.44779375,0.504,-0.6327848,0,none-3,train
3.974953,0.08239714,-0.065944836,0.4335375,0.45806,-1.075339,0,none-3,train
3.9727387,0.09460025,0.043515485,0.44068626,0.46936,-1.3692733,0,none-3,train
4.0009484,0.08997443,0.04080629,0.45411375,0.47484,-0.54323465,0,none-3,train
4.00935,0.09662256,0.04223758,0.46067,0.47678,0.46195763,0,none-3,train
4.0253983,0.087901,0.05577242,0.45485374,0.47678,-0.21472158,0,none-3,train
4.016907,0.08407294,-0.100205325,0.44856,0.47678,-0.12768975,0,none-3,train
4.003374,0.07877909,-0.020100484,0.44787,0.47104,0.2005188,0,none-3,train
4.0095844,0.06958921,0.12786822,0.45552626,0.47398,-0.7696448,0,none-3,train
4.017584,0.07012668,0.049539194,0.45279,0.47398,0.57153267,0,none-3,train
4.0768595,0.09373012,0.3806618,0.44642624,0.47398,-0.97560483,0,none-3,train
4.2823586,0.38326672,2.005605,0.439525,0.47398,-0.57632166,0,none-3,train
4.629291,0.46194613,2.639774,0.42996,0.45324,-0.93937236,0,none-3,train
4.9230165,0.36368254,1.5776328,0.42888874,0.45092,-1.1009047,0,none-3,train
5.0661955,0.13144135,-0.4414234,0.43467,0.47772,-0.6798274,0,none-3,train
4.908715,0.30676293,-1.3984829,0.45229,0.48076,-1.5400162,0,none-3,train
4.5758786,0.4578738,-2.6469116,0.46530375,0.48076,-0.5060628,0,none-3,train
4.253862,0.37387255,-1.8635236,0.4696825,0.48364,-0.9089806,0,none-3,train
3.9988825,0.11217381,-0.2759705,0.470865,0.49378,-0.914512,0,none-3,train
3.9613528,0.10243371,-0.24616064,0.4706775,0.49378,-0.51253504,0,none-3,train
3.9092839,0.101379834,-0.08759661,0.465275,0.49378,-0.82262564,0,none-3,train
3.906035,0.101491414,0.094297744,0.46673375,0.49378,-0.85731125,0,none-3,train
3.9602497,0.118817665,0.3936808,0.457865,0.48414,-0.48054808,0,none-3,train
4.016266,0.13245349,0.6176187,0.4529275,0.48414,-1.3609431,0,none-3,train
4.0618067,0.09753013,-0.07401774,0.43821874,0.46268,-1.1602567,0,none-3,train
4.0380154,0.15556104,0.027331935,0.43813375,0.46126,-1.0314102,0,none-3,train
4.04931,0.15789826,0.23715146,0.45504376,0.4975,-0.6882762,0,none-3,train
4.07039,0.15316309,0.5137848,0.45724875,0.4975,-0.6261535,0,none-3,train
4.0804567,0.10208806,-0.36012727,0.45346126,0.4975,-0.8185468,0,none-3,train
4.051168,0.100894675,-0.37616032,0.44766125,0.48464,-0.6971412,0,none-3,train
3.9840522,0.10806734,-0.26436096,0.45440125,0.49204,-1.0260136,0,none-3,train
3.9800477,0.11149426,-0.17785694,0.46568874,0.49204,-0.8070238,0,none-3,train
3.9512446,0.108901456,-0.011485161,0.4567475,0.49204,-1.0314729,0,none-3,train
4.002785,0.12459637,0.08780322,0.4599975,0.4971,-0.8584545,0,none-3,train
3.9726465,0.13363317,-0.1526066,0.4558675,0.4971,-1.0541888,0,none-3,train
4.0087175,0.13360205,0.1947837,0.4575525,0.4971,-0.5960268,0,none-3,train
3.9680238,0.13081636,0.05473645,0.44649124,0.47748,-1.2995759,0,none-3,train
3.9739451,0.13515578,-0.4941242,0.44249374,0.47222,-0.9448627,0,none-3,train
3.9343064,0.11611794,-0.025229033,0.44738626,0.48942,-1.0119392,0,none-3,train
3.9688277,0.14526613,0.6663837,0.4640075,0.49106,-1.3505915,0,none-3,train
4.0120044,0.1174441,0.3314574,0.462155,0.49106,-1.4251281,0,none-3,train
4.0553,0.11517477,0.07729936,0.44977,0.49106,-1.3379276,0,none-3,train
4.036399,0.10577027,0.0027246773,0.4314475,0.45832,0.015853858,0,none-3,train
3.9952214,0.1235723,-0.3551666,0.4406925,0.4878,-0.7275279,0,none-3,train
3.9723845,0.111486174,-0.23223193,0.4494275,0.4878,-1.1680027,0,none-3,train
3.9416902,0.105325304,0.030214839,0.46691126,0.4946,-0.48706052,0,none-3,train
3.928115,0.118337825,-0.46308434,0.462905,0.4946,-0.08722639,0,none-3,train
3.9438097,0.12678951,0.29002547,0.46985126,0.50692,-0.625267,0,none-3,train
3.9504452,0.11503264,0.1712937,0.47206375,0.52188,-0.6868644,0,none-3,train
4.037048,0.12721816,0.3960208,0.46937874,0.52188,-0.8105017,0,none-3,train
3.9905574,0.14613184,-0.10027452,0.4627275,0.52188,-0.80142206,0,none-3,train
4.01463,0.16025648,-0.20846468,0.45002374,0.48036,-1.1390815,0,none-3,train
3.9639916,0.12310846,0.15109113,0.46595624,0.50998,-1.3658562,0,none-3,train
3.9331613,0.145532,-0.73187804,0.46850625,0.50998,-1.0982708,0,none-3,train
3.9337626,0.14383338,0.33594775,0.45978874,0.50998,-1.2120839,0,none-3,train
3.9706736,0.16039167,0.77165276,0.4377425,0.50938,1.8647511,0,none-3,train
4.026475,0.1082835,-0.057587903,0.431315,0.45764,-0.9518523,0,none-3,train
3.9730484,0.12901762,-0.65837175,0.432545,0.45764,-1.0392561,0,none-3,train
3.9445283,0.10429851,-0.03640597,0.44308874,0.47574,-0.6261315,0,none-3,train
3.990734,0.14018723,0.65587306,0.46245,0.51166,-0.94075114,0,none-3,train
3.9923644,0.13641234,-0.16594742,0.46295124,0.51166,-1.1295038,0,none-3,train
4.0397043,0.1504594,-0.042118065,0.46330374,0.51166,-1.1563748,0,none-3,train
3.984378,0.15314305,0.25843644,0.4549675,0.48508,-1.1636683,0,none-3,train
4.010957,0.1413329,-0.17414516,0.45840624,0.48316,-0.8115343,0,none-3,train
3.956367,0.1282703,-0.21426678,0.461985,0.48316,-0.1723215,0,none-3,train
3.940989,0.10256249,-0.19253758,0.44811374,0.4662,-0.34662667,0,none-3,train
3.9715283,0.115645275,0.37413338,0.45012125,0.46788,-0.28352818,0,none-3,train
3.9929652,0.09648398,0.13712904,0.4358075,0.46788,-1.2626534,0,none-3,train
4.0330524,0.06995938,-0.027683709,0.439545,0.46788,-0.8836854,0,none-3,train
4.0488963,0.09183116,0.35033903,0.4319225,0.4599,0.025231754,0,none-3,train
4.073007,0.09234472,0.07508758,0.43035874,0.4599,0.08730693,0,none-3,train
4.0546,0.10938379,-0.26452065,0.4355675,0.4824,0.37743774,0,none-3,train
4.07024,0.112573646,0.1881237,0.442315,0.4824,-0.7528087,0,none-3,train
4.032355,0.11170553,0.06355258,0.448755,0.4824,-0.21946986,0,none-3,train
4.04265,0.100904666,-0.34696743,0.4444275,0.46602,-0.9789167,0,none-3,train
4.1408386,0.3864137,1.4516608,0.44641125,0.46752,-0.93201095,0,none-3,train
4.0823083,0.123836674,0.034765646,0.4568701,0.5126,1.1344768,0,none-4,val
4.0741425,0.12685855,-0.28024065,0.4563975,0.49456,-0.42386866,0,none-4,val
3.9557233,0.16668354,-0.64090014,0.45731625,0.49456,-0.8351787,0,none-4,val
3.921487,0.15074112,-0.4921113,0.4541325,0.49456,-1.0452507,0,none-4,val
3.8920238,0.112234704,0.5234763,0.4394925,0.48914,1.048331,0,none-4,val
3.9654586,0.09368002,0.28094855,0.43758374,0.47856,0.80473447,0,none-4,val
4.017193,0.099845886,0.33086708,0.443285,0.47856,-1.1866529,0,none-4,val
4.0297937,0.08499874,-0.111460164,0.45262125,0.47856,-0.5701148,0,none-4,val
3.9492135,0.15015851,-0.7463429,0.44136,0.47856,-0.8284979,0,none-4,val
3.9333103,0.13710986,0.12141726,0.43795124,0.46162,-0.74662936,0,none-4,val
3.9386432,0.14093961,0.5021327,0.4387175,0.4792,-0.76771164,0,none-4,val
3.926556,0.14438649,-0.41746935,0.44468376,0.4792,-0.22918376,0,none-4,val
3.905233,0.1375534,-0.3223655,0.45484626,0.48274,-0.7721977,0,none-4,val
3.9138129,0.14706583,0.58902436,0.45866,0.48886,-1.3349304,0,none-4,val
3.9204607,0.16261809,-0.3390479,0.45194,0.48886,-0.78242046,0,none-4,val
3.9265323,0.15219308,-0.20873517,0.44467875,0.48886,-1.112127,0,none-4,val
3.9637291,0.17621742,0.6232277,0.42991376,0.46602,-0.9320983,0,none-4,val
4.016113,0.14264177,0.41776112,0.44950125,0.49728,-0.36883286,0,none-4,val
4.0779953,0.12447377,0.16796903,0.455125,0.49728,0.46676537,0,none-4,val
4.0785728,0.12350269,0.34568274,0.45898125,0.49728,-0.44992986,0,none-4,val
4.0861974,0.0808478,-0.24775307,0.44447,0.47776,-1.065536,0,none-4,val
4.042311,0.09122199,-0.4302295,0.4342275,0.47776,-0.045421787,0,none-4,val
3.9812582,0.07854835,-0.25587532,0.429745,0.4642,0.2496456,0,none-4,val
3.980067,0.08699331,0.095257744,0.44446626,0.47032,-1.5812066,0,none-4,val
3.998442,0.09336926,0.19159403,0.46197125,0.50272,-0.59941345,0,none-4,val
4.021696,0.09439816,0.058199517,0.4716275,0.50272,-0.25055704,0,none-4,val
4.007168,0.13277066,-0.1293271,0.47327876,0.50272,-0.77204394,0,none-4,val
4.030576,0.14795555,0.18193258,0.46803874,0.48736,-1.2680743,0,none-4,val
4.045883,0.15403543,0.4421942,0.46021876,0.4858,-1.0924412,0,none-4,val
4.089755,0.116390035,-0.38403243,0.4531475,0.47968,-0.9523919,0,none-4,val
4.030079,0.12064912,-0.41167355,0.4461525,0.46728,0.3368057,0,none-4,val
4.011085,0.10471018,-0.012588387,0.4461275,0.46728,0.24282788,0,none-4,val
4.0540385,0.12179925,0.5279845,0.45739,0.48916,-0.72757536,0,none-4,val
4.1355457,0.11682731,0.3165382,0.46677625,0.48916,-0.9732687,0,none-4,val
4.1158543,0.13715914,-0.31326967,0.45590624,0.48916,-1.1680176,0,none-4,val
4.1222515,0.15508471,-0.23577629,0.45239624,0.48696,-1.1542944,0,none-4,val
4.0183625,0.1501687,-0.23538096,0.44280875,0.47544,-1.3499569,0,none-4,val
3.9819548,0.1682655,-0.8061329,0.45765376,0.4921,-1.1455988,0,none-4,val
3.9420524,0.10753512,0.40681404,0.43958625,0.4921,-1.2290018,0,none-4,val
3.9827452,0.11430757,0.530834,0.43174,0.4921,-1.4416653,0,none-4,val
4.0513387,0.06715109,0.13906597,0.42281875,0.46908,-1.2068671,0,none-4,val
4.0227227,0.08033398,-0.2889237,0.4267675,0.46908,-0.64134747,0,none-4,val
4.002721,0.098762356,-0.116819516,0.446675,0.49004,-0.5578549,0,none-4,val
3.975442,0.10896736,0.21829258,0.45034,0.49004,-0.6233874,0,none-4,val
3.9454587,0.13776565,-0.22713871,0.46115124,0.49004,1.4618396,0,none-4,val
3.9291337,0.12449234,-0.22598952,0.4575775,0.46816,3.1981862,0,none-4,val
3.9244046,0.11209066,0.07247516,0.45698875,0.48098,2.3212059,0,none-4,val
3.9423974,0.116125815,0.19932483,0.4549175,0.48098,2.4284604,0,none-4,val
3.9975936,0.13348125,0.45851952,0.44824374,0.48098,-0.24312197,0,none-4,val
4.00728,0.1270914,0.23099178,0.44581875,0.46926,-0.8685731,0,none-4,val
4.068412,0.08678663,-0.054022256,0.44917125,0.48004,-1.096358,0,none-4,val
4.0265174,0.09095452,-0.002062258,0.45903626,0.48004,-0.8975754,0,none-4,val
4.269497,0.35838157,1.6709608,0.45876876,0.48004,-0.46087435,0,none-4,val
4.577804,0.4802489,2.925392,0.4601375,0.4896,-0.6863875,0,none-4,val
4.982901,0.3141254,1.6974068,0.4463125,0.4896,-0.8284461,0,none-4,val
5.092596,0.164043,-0.10010516,0.444815,0.4896,-0.78032666,0,none-4,val
5.0543857,0.20384252,-0.947654,0.4312075,0.44826,-0.5853335,0,none-4,val
4.9756756,0.17216524,-0.055699356,0.43635124,0.44818,-1.4417871,0,none-4,val
5.0221267,0.18741596,0.50637436,0.43916374,0.45324,-1.0918211,0,none-4,val
5.050696,0.17316765,0.36112356,0.4403,0.45532,-1.1202604,0,none-4,val
5.113075,0.14607279,0.044957418,0.44532624,0.49608,1.5490358,0,none-4,val
5.0728464,0.14163576,0.08053161,0.4535825,0.49608,-1.2280381,0,none-4,val
5.0746245,0.115587905,-0.43192598,0.45241874,0.49608,-1.2844222,0,none-4,val
4.8111167,0.36831558,-2.0350878,0.4599475,0.49608,-0.9625797,0,none-4,val
4.4895353,0.4510261,-2.8298912,0.45834875,0.48546,-1.0459666,0,none-4,val
4.1750865,0.26320195,-1.1609927,0.46505126,0.48546,-0.7945557,0,none-4,val
4.0447664,0.09947229,0.008835,0.4568025,0.48546,-1.1559966,0,none-4,val
4.050865,0.14190139,0.03972726,0.44178876,0.48546,-0.64918435,0,none-4,val
4.03393,0.13241892,0.028222742,0.44316,0.47622,-1.3274744,0,none-4,val
4.03917,0.12912993,-0.3280858,0.45265126,0.4785,-1.6004877,0,none-4,val
3.9965076,0.08701626,-0.3266705,0.46078125,0.4785,0.25087583,0,none-4,val
3.9898226,0.08651669,-0.114962906,0.46221125,0.4785,-0.9066978,0,none-4,val
3.9931471,0.08711012,0.10339935,0.4523425,0.4785,-0.83142596,0,none-4,val
4.0373497,0.07540633,0.13753451,0.4502825,0.47526,-0.6099542,0,none-4,val
4.006267,0.15026364,-0.19547468,0.45171374,0.48476,-0.35430568,0,none-4,val
3.9868658,0.16388091,-0.19898662,0.46304375,0.48476,-0.93301815,0,none-4,val
3.9459987,0.17408085,0.19376178,0.47559875,0.50208,-0.4124952,0,none-4,val
4.0556664,0.19623342,0.394395,0.4784475,0.5035,1.5304214,0,none-4,val
4.123169,0.17616194,0.3581729,0.465445,0.5035,-1.2558908,0,none-4,val
4.1405163,0.1321812,-0.4352579,0.445755,0.5035,-0.97103935,0,none-4,val
4.0276814,0.15440144,-0.7803058,0.4322925,0.4653,-0.37561288,0,none-4,val
3.989502,0.12315414,-0.096427254,0.44312376,0.47232,-0.8936243,0,none-4,val
3.9693406,0.1500175,0.08851306,0.450395,0.47232,1.6003346,0,none-4,val
3.956798,0.16323641,-0.58977723,0.45235875,0.47232,-0.6448478,0,none-4,val
3.9423187,0.17774601,-0.32419547,0.45163876,0.47614,-0.8707802,0,none-4,val
3.9681664,0.1763341,0.37286466,0.4417475,0.47614,-1.0310724,0,none-4,val
4.008966,0.13246474,-0.0056748386,0.44185,0.47614,-0.94611484,0,none-4,val
3.9950044,0.11484877,-0.39942098,0.43415874,0.44868,-0.69599146,0,none-4,val
3.969853,0.11475991,0.08920887,0.43506876,0.44966,-0.71466,0,none-4,val
4.0566754,0.18654393,0.8450719,0.43619874,0.45512,-0.5673017,0,none-4,val
4.049392,0.20254911,-0.27553305,0.44596,0.48168,-1.049774,0,none-4,val
4.067999,0.18727797,-0.6420242,0.44366625,0.48168,-1.1333572,0,none-4,val
4.0069866,0.13229035,0.4352129,0.44961375,0.48168,-0.9232422,0,none-4,val
4.016332,0.10117802,-0.12537,0.43632624,0.45054,-0.85965335,0,none-4,val
4.008753,0.084696196,-0.28996742,0.43399,0.45054,-1.1897353,0,none-4,val
3.9559717,0.09421007,-0.16274516,0.4338375,0.45308,-1.0679504,0,none-4,val
3.990089,0.10194537,0.1532792,0.44234,0.4769,-1.1217214,0,none-4,val
4.0149484,0.112499855,0.23199193,0.4585125,0.48178,-1.1574953,0,none-4,val
4.051565,0.060694877,-0.11737597,0.46464124,0.48178,-1.2646827,0,none-4,val
4.0634747,0.08607769,0.0024730645,0.45705,0.48178,-1.0365758,0,none-4,val
4.0210624,0.114053786,-0.39725807,0.46088374,0.48802,-1.080392,0,none-4,val
4.0238237,0.11526353,-0.27757016,0.4594925,0.48802,-1.1708388,0,none-4,val
3.9512696,0.10224184,-0.14897661,0.47056875,0.4929,-0.866,0,none-4,val
3.975844,0.09626108,0.02167258,0.46638,0.4929,-1.1720403,0,none-4,val
3.9973593,0.114316404,0.6173027,0.46552125,0.4929,-1.4877939,0,none-4,val
4.001713,0.114263855,-0.17684661,0.4550425,0.4929,-0.95335853,0,none-4,val
4.00872,0.11181001,-0.15394597,0.45437,0.48028,-0.71064264,0,none-4,val
4.0459027,0.18283647,0.5536195,0.44871625,0.47352,-0.84499377,0,none-4,val
4.0527205,0.17611034,-0.08934532,0.45468125,0.47352,-0.8349306,0,none-4,val
4.0535355,0.17284432,-0.6682287,0.44522876,0.47352,-0.638308,0,none-4,val
4.0191317,0.13264367,0.52654064,0.45119625,0.49246,-0.3481641,0,none-4,val
4.1387067,0.2209718,1.0361632,0.45242375,0.49246,-0.72137797,0,none-4,val
4.4241304,0.3879767,2.331221,0.46035376,0.49246,-0.7971199,0,none-4,val
4.6914015,0.3276414,1.7738178,0.456675,0.47664,-0.5717089,0,none-4,val
4.905617,0.15864131,0.36091837,0.452365,0.47478,-0.59218824,0,none-4,val
4.979721,0.14444217,0.4061826,0.45157126,0.46228,0.12301222,0,none-4,val
4.998836,0.16370037,-0.076143384,0.45682874,0.48458,-0.6899221,0,none-4,val
4.04444,0.119556844,0.17616096,0.44924855,0.47464,-0.7461252,0,none-5,test
4.057364,0.09006183,-0.04836871,0.45667374,0.48734,-0.844338,0,none-5,test
4.036369,0.08800387,-0.38922194,0.46543,0.49914,-0.80289,0,none-5,test
3.9657173,0.10120563,-0.3971008,0.4843375,0.5129,-0.017716466,0,none-5,test
3.8845916,0.10306941,-0.45592597,0.47507626,0.5129,-0.97645795,0,none-5,test
3.8193207,0.088742554,-0.19253564,0.46018624,0.5129,-1.3104241,0,none-5,test
3.8525593,0.12176631,0.50680065,0.44503626,0.46592,-0.997039,0,none-5,test
3.9134226,0.13542752,0.7216311,0.44628125,0.46354,-0.14142498,0,none-5,test
4.0730033,0.18066736,0.852285,0.44391626,0.46354,-1.2183456,0,none-5,test
4.10836,0.16537009,0.24817742,0.44916,0.47058,-1.4064124,0,none-5,test
4.0889206,0.17941476,-0.68802196,0.45238626,0.47586,-1.5034587,0,none-5,test
3.9908645,0.09995812,-0.20566548,0.45661375,0.47586,-0.6068697,0,none-5,test
3.9888008,0.07592945,0.23079291,0.4602475,0.48602,-0.1927322,0,none-5,test
4.014333,0.080789395,0.14230742,0.45812374,0.48602,-0.17316253,0,none-5,test
4.0309424,0.10673307,-0.267285,0.45790625,0.48602,-0.4463192,0,none-5,test
4.0347695,0.10911153,-0.084457256,0.45140624,0.47214,-0.8405053,0,none-5,test
4.042478,0.10039424,0.060287904,0.448765,0.47214,-0.55911225,0,none-5,test
4.0543303,0.0713673,0.02189613,0.453445,0.4802,-1.1068137,0,none-5,test
4.0267653,0.08966082,-0.26579082,0.452315,0.4802,-1.1657026,0,none-5,test
3.9964592,0.09737388,-0.11701548,0.449265,0.4802,-0.5255226,0,none-5,test
3.9900405,0.116939895,0.16081451,0.442465,0.46596,0.96453786,0,none-5,test
3.996033,0.11531724,0.19811226,0.43641,0.4551,0.91549003,0,none-5,test
3.977009,0.14022368,-0.0011380645,0.43826875,0.4633,0.43781525,0,none-5,test
3.9887445,0.12537032,0.24458225,0.4437725,0.46692,-0.68519086,0,none-5,test
4.0070176,0.1279757,0.49761388,0.450905,0.46692,-1.0982673,0,none-5,test
3.993862,0.12096736,-0.43941534,0.4517775,0.46692,-0.12662609,0,none-5,test
3.9330761,0.13669448,-0.6720358,0.44867375,0.4677,-0.24101873,0,none-5,test
3.9209774,0.13668853,0.52782583,0.4554625,0.4774,-0.38555792,0,none-5,test
3.921282,0.13611975,0.13620822,0.44475126,0.4774,-1.23168,0,none-5,test
3.9560792,0.13373062,-0.1729713,0.43546125,0.4774,-1.4244366,0,none-5,test
3.9417548,0.09512177,0.2055929,0.42815876,0.4643,-0.9061729,0,none-5,test
4.0005555,0.094260395,0.17627855,0.42863375,0.45992,-0.6215349,0,none-5,test
4.003306,0.076197125,-0.07816258,0.4444725,0.47508,-0.8648696,0,none-5,test
4.0192633,0.10676892,-0.046953388,0.4402175,0.47508,-0.55079055,0,none-5,test
4.037033,0.15011628,0.3695879,0.44594875,0.47508,-0.47545776,0,none-5,test
4.0348053,0.16591576,-0.10514855,0.4423025,0.45872,-1.3127394,0,none-5,test
4.0402646,0.14766476,-0.46442708,0.4424875,0.45872,-1.405208,0,none-5,test
3.9711444,0.09998422,-0.09056322,0.44236875,0.45872,-1.415306,0,none-5,test
3.960075,0.08128361,-0.18120049,0.44215125,0.46306,-1.248326,0,none-5,test
3.9564607,0.109510966,-0.018577741,0.4455575,0.46524,-0.69182426,0,none-5,test
3.9663239,0.14209,0.2233713,0.45426,0.48544,-0.85639936,0,none-5,test
4.018773,0.14815578,0.26849613,0.458595,0.48544,-0.94888574,0,none-5,test
4.0604496,0.14774956,0.6386879,0.47373375,0.49326,-0.5716338,0,none-5,test
4.055233,0.10998832,-0.2789579,0.47321126,0.49326,1.6693063,0,none-5,test
3.9954283,0.1347584,-0.7168534,0.4676825,0.49326,-0.19419692,0,none-5,test
3.8703156,0.14368895,-0.4607816,0.4633725,0.49326,-0.52502626,0,none-5,test
3.854558,0.13977754,0.060680807,0.4523925,0.48404,0.19332157,0,none-5,test
3.8693058,0.1472636,0.58577615,0.45655125,0.48404,0.7600005,0,none-5,test
3.9846141,0.11192028,0.24428758,0.4548925,0.46858,-0.038507927,0,none-5,test
3.9818633,0.12401714,-0.014722742,0.45807126,0.46858,-0.42612904,0,none-5,test
3.9988122,0.120707534,-0.12313645,0.45584375,0.46858,-1.0273191,0,none-5,test
3.9722676,0.10399812,0.25564015,0.4503725,0.46452,-0.62571937,0,none-5,test
4.0214615,0.06764823,0.07851387,0.454035,0.4864,-0.31838992,0,none-5,test
4.0041876,0.08732897,-0.13788919,0.4596525,0.49442,-0.4454984,0,none-5,test
4.2282405,0.36493683,1.8268844,0.4596325,0.49442,-0.4608845,0,none-5,test
4.5692477,0.50148433,3.0057693,0.45536625,0.49442,0.5904047,0,none-5,test
4.918099,0.29435197,1.292608,0.4454625,0.46054,-1.1038803,0,none-5,test
5.0970826,0.13764608,-0.02817871,0.44116125,0.46054,-0.5718439,0,none-5,test
4.844188,0.44199553,-2.1116056,0.4418975,0.46936,-0.560556,0,none-5,test
4.5277324,0.51542753,-3.04326,0.44465876,0.46936,-0.7341916,0,none-5,test
4.113283,0.34125516,-1.8155622,0.44011876,0.46936,-0.83594316,0,none-5,test
3.969035,0.14257975,-0.51786244,0.43564126,0.46268,-0.95352405,0,none-5,test
3.9089,0.10549184,0.07068629,0.4369175,0.47426,-0.96098524,0,none-5,test
3.895987,0.10772021,-0.209595,0.4604425,0.50322,-0.7563063,0,none-5,test
3.914829,0.11958507,0.24692807,0.46836874,0.50322,-0.71800584,0,none-5,test
3.9306,0.12239633,0.36285725,0.46367875,0.50322,-1.1304673,0,none-5,test
3.983929,0.095771894,-0.06933677,0.444935,0.50322,-0.36937535,0,none-5,test
3.9597387,0.09866258,0.017214194,0.43294376,0.45516,-0.33666477,0,none-5,test
3.976615,0.087654635,-0.14436339,0.43599,0.4563,-0.7805866,0,none-5,test
3.9837723,0.08575712,0.24196209,0.44105625,0.4563,-0.019611029,0,none-5,test
3.9674988,0.1099715,-0.1514216,0.44084376,0.4563,-0.73167515,0,none-5,test
4.0128407,0.1207534,0.11838532,0.44189125,0.47096,-0.35139337,0,none-5,test
4.0039554,0.1261787,0.33371565,0.45662624,0.51336,-0.6587126,0,none-5,test
4.019598,0.12128332,-0.5649305,0.4697175,0.51336,-0.5356425,0,none-5,test
3.9574935,0.117640294,-0.28661612,0.478195,0.51336,0.4333676,0,none-5,test
3.975751,0.123600155,0.3328747,0.46719375,0.49502,-1.1788257,0,none-5,test
4.028698,0.13499959,0.67816067,0.46032,0.49502,-0.10384344,0,none-5,test
4.082531,0.0925931,0.15330823,0.45459625,0.47872,0.0789499,0,none-5,test
4.039605,0.12921116,-0.49934807,0.4649525,0.50102,-0.83977664,0,none-5,test
3.9750528,0.117879406,-0.52674437,0.472275,0.50102,-0.95040137,0,none-5,test
3.9320524,0.10245202,-0.05014403,0.4678575,0.50102,-1.2778279,0,none-5,test
3.9827309,0.14401583,0.49848434,0.46148625,0.49746,-1.1543205,0,none-5,test
4.0436125,0.16321053,0.19656096,0.45445374,0.48672,0.20467058,0,none-5,test
4.0723505,0.14288272,-0.40931565,0.45692375,0.48672,0.63628,0,none-5,test
4.0478516,0.14879584,-0.3082834,0.4469675,0.48672,-0.45371738,0,none-5,test
3.999798,0.1248517,0.006787742,0.4316175,0.46118,-0.72280216,0,none-5,test
3.9935968,0.12198659,0.04670516,0.4173225,0.43928,-1.0047172,0,none-5,test
3.964433,0.102255546,0.0062419353,0.42969126,0.4767,-0.8819258,0,none-5,test
3.979916,0.086237215,-0.05007145,0.43129,0.4767,-1.3605834,0,none-5,test
4.01903,0.20848994,0.6376176,0.44948,0.47802,-1.054137,0,none-5,test
4.367384,0.48728293,2.7623854,0.44867375,0.47802,-0.61693335,0,none-5,test
4.7245154,0.5068744,2.981253,0.45157376,0.47802,-0.80806345,0,none-5,test
5.0309834,0.16157246,-0.08143549,0.4437,0.46082,-0.8447816,0,none-5,test
5.0300393,0.18484716,-0.27818322,0.45424625,0.50282,-0.6142267,0,none-5,test
5.059203,0.19290031,0.55805373,0.4514,0.50282,-0.38365743,0,none-5,test
5.0532393,0.1720087,0.23579177,0.45160624,0.50282,-0.47494042,0,none-5,test
5.102069,0.110518135,-0.28237596,0.43993875,0.50282,1.0896381,0,none-5,test
5.015882,0.12329013,-0.26909855,0.4459175,0.48662,-0.44278762,0,none-5,test
4.7389026,0.47388515,-2.6831496,0.4549675,0.48662,-0.9241033,0,none-5,test
4.349508,0.52278537,-3.0604267,0.46064,0.48662,-0.7924975,0,none-5,test
4.070891,0.3114252,-0.6995816,0.464045,0.48906,-1.1113538,0,none-5,test
3.98124,0.13309385,0.25678307,0.4639675,0.48906,-0.8644416,0,none-5,test
4.0965753,0.13418147,0.3175442,0.46430126,0.48906,-0.7777413,0,none-5,test
4.0761933,0.13020594,0.22677581,0.45684,0.48906,-0.33969796,0,none-5,test
4.168744,0.14574292,0.19942646,0.44923875,0.47014,-0.6714634,0,none-5,test
4.088604,0.15477505,-0.24897291,0.4513675,0.47014,-0.84999865,0,none-5,test
4.0468774,0.17845589,-0.88815147,0.4520875,0.4698,-1.0473088,0,none-5,test
3.9055703,0.11708694,-0.30746853,0.44766,0.4698,-0.71206117,0,none-5,test
3.9541554,0.16186349,0.5197437,0.43147,0.4685,-0.7844755,0,none-5,test
3.9936633,0.16493542,0.6586171,0.43007624,0.46592,-0.56921804,0,none-5,test
4.027533,0.10858255,-0.54471725,0.4322975,0.46592,-0.7894495,0,none-5,test
3.9740264,0.086229645,-0.31351596,0.441505,0.46592,-0.24652106,0,none-5,test
3.933833,0.08155926,0.052400805,0.43805876,0.46592,0.66181654,0,none-5,test
3.9137006,0.114709385,-0.19704533,0.4377375,0.4559,-0.8226275,0,none-5,test
3.9339921,0.12733273,0.16891548,0.44364125,0.46878,-0.77693313,0,none-5,test
3.9203155,0.13185118,0.30048823,0.45684,0.4815,-1.0348593,0,none-5,test
3.9773626,0.112643145,0.15764032,0.46789125,0.49848,-0.4869767,0,none-5,test
7.536279,0.74972373,4.99025,0.42494,0.44608,-0.8203351,1,temp_drift-1,train
8.377995,0.7877835,5.2507367,0.4385125,0.4995,-0.34548408,1,temp_drift-1,train
9.173112,0.6637247,4.3898754,0.449415,0.4995,-1.0937427,1,temp_drift-1,train
9.920164,0.6353452,4.17821,0.460515,0.4995,-0.87478346,1,temp_drift-1,train
10.652221,0.7339433,4.8532696,0.46157876,0.4995,-0.17935137,1,temp_drift-1,train
11.470141,0.7836601,5.2093887,0.45571375,0.47112,-1.0385706,1,temp_drift-1,train
12.356656,0.8177096,5.4447036,0.464335,0.4858,-0.8718432,1,temp_drift-1,train
13.191469,0.7332303,4.808282,0.46162876,0.4858,-0.22848278,1,temp_drift-1,train
13.960695,0.668443,4.351689,0.45269626,0.4858,-1.0649264,1,temp_drift-1,train
14.753398,0.709998,4.6343775,0.45517626,0.49058,-1.0626945,1,temp_drift-1,train
15.521935,0.73183715,4.773066,0.4507075,0.49058,-1.2057062,1,temp_drift-1,train
16.305254,0.6442262,4.155788,0.4595325,0.49058,-0.45744732,1,temp_drift-1,train
17.056978,0.69668746,4.516558,0.4552825,0.47722,-0.6810739,1,temp_drift-1,train
17.85076,0.8097407,5.354352,0.45460376,0.47722,-0.67734903,1,temp_drift-1,train
18.718021,0.7539049,5.0209355,0.45282626,0.47722,-0.90729755,1,temp_drift-1,train
19.5412,0.71411103,4.751285,0.4463625,0.47722,-1.0045499,1,temp_drift-1,train
20.329464,0.7064362,4.703806,0.43850124,0.45952,-1.1042982,1,temp_drift-1,train
21.124756,0.72107977,4.807548,0.4267025,0.45952,-0.12283304,1,temp_drift-1,train
21.951645,0.7876928,5.2623367,0.42338374,0.44448,0.10279465,1,temp_drift-1,train
22.772846,0.7181883,4.788433,0.43052,0.4741,-0.61816317,1,temp_drift-1,train
23.568394,0.68002707,4.5178075,0.44594374,0.47682,-1.3063813,1,temp_drift-1,train
24.386557,0.77470636,5.131868,0.44288126,0.47682,-1.4952787,1,temp_drift-1,train
25.207817,0.75343496,4.946848,0.4395525,0.47682,-1.0028015,1,temp_drift-1,train
26.005175,0.6975616,4.574132,0.43938,0.48724,-0.32264677,1,temp_drift-1,train
26.802965,0.71162874,4.6937714,0.45186374,0.48724,-0.71807694,1,temp_drift-1,train
27.581478,0.7501334,4.9921665,0.45636624,0.48724,0.73675126,1,temp_drift-1,train
28.360395,0.66380274,4.398246,0.45385376,0.48724,0.077402994,1,temp_drift-1,train
29.140465,0.69678694,4.609548,0.44982,0.4622,-0.8017358,1,temp_drift-1,train
29.94485,0.78231835,5.1996565,0.44351625,0.4622,-1.5029064,1,temp_drift-1,train
30.763767,0.6957765,4.6098437,0.44828126,0.48216,-0.4768894,1,temp_drift-1,train
31.551188,0.69734186,4.5923734,0.4578025,0.48684,-1.6112057,1,temp_drift-1,train
32.38241,0.7988083,5.262933,0.47541124,0.50384,-0.3349065,1,temp_drift-1,train
33.20367,0.76983523,5.0705924,0.4823825,0.50384,0.11764939,1,temp_drift-1,train
34.02807,0.6429467,4.2824516,0.47253376,0.50384,-1.2365905,1,temp_drift-1,train
34.749146,0.67394197,4.4972844,0.46716875,0.50384,-0.7655702,1,temp_drift-1,train
35.4775,0.6797067,4.4823837,0.46012375,0.48534,0.008176576,1,temp_drift-1,train
36.285786,0.787515,5.209668,0.45517376,0.48534,-0.78750837,1,temp_drift-1,train
37.104374,0.80558324,5.341816,0.4437675,0.47064,-1.3446702,1,temp_drift-1,train
37.91756,0.6481344,4.307905,0.43659374,0.4762,-0.40458676,1,temp_drift-1,train
38.62967,0.606363,4.0386195,0.44354126,0.48592,-0.8312082,1,temp_drift-1,train
39.348335,0.6755112,4.4972415,0.44720376,0.48592,-1.0715516,1,temp_drift-1,train
40.189037,0.8093287,5.367557,0.45803124,0.48592,-1.4232678,1,temp_drift-1,train
41.06307,0.79636544,5.2819643,0.44431874,0.48402,-0.9369685,1,temp_drift-1,train
41.927402,0.68974334,4.575873,0.44074374,0.48402,-1.3176496,1,temp_drift-1,train
42.74345,0.7493473,4.973834,0.422695,0.45524,-1.5067757,1,temp_drift-1,train
43.57049,0.7790301,5.174598,0.43375874,0.46716,-1.527458,1,temp_drift-1,train
44.392212,0.73609626,4.8868685,0.44775626,0.51416,-0.8438555,1,temp_drift-1,train
45.200947,0.69508,4.6286836,0.4689725,0.51416,-1.116395,1,temp_drift-1,train
46.004845,0.7642719,5.0859632,0.4672175,0.51416,-1.1899873,1,temp_drift-1,train
46.808174,0.6971045,4.613763,0.4616225,0.51416,-0.27148256,1,temp_drift-1,train
47.556625,0.6738414,4.4342694,0.456475,0.48648,-0.97909814,1,temp_drift-1,train
48.28962,0.661249,4.3784833,0.4555825,0.48648,-0.6071481,1,temp_drift-1,train
49.061054,0.77102304,5.0522037,0.4586975,0.48648,-0.87990445,1,temp_drift-1,train
49.94288,0.86745507,5.710809,0.4487075,0.48332,-0.7441188,1,temp_drift-1,train
50.807568,0.8064219,5.2467337,0.44778624,0.48332,-0.2288394,1,temp_drift-1,train
51.65008,0.65539277,4.300952,0.43593624,0.45338,0.20035163,1,temp_drift-1,train
52.34502,0.6912292,4.558477,0.44237375,0.47468,-0.123759545,1,temp_drift-1,train
53.134026,0.745169,4.9520745,0.445895,0.47468,-0.071085654,1,temp_drift-1,train
53.94539,0.7665815,5.108469,0.45215625,0.47468,0.39339405,1,temp_drift-1,train
54.794983,0.7245428,4.8267937,0.44942,0.4613,0.7442704,1,temp_drift-1,train
55.605717,0.71291804,4.7450466,0.45154,0.47024,0.648219,1,temp_drift-1,train
56.43219,0.74346364,4.956936,0.44523874,0.47024,-0.3246429,1,temp_drift-1,train
57.14946,0.64852756,4.2395463,0.45035875,0.47848,-0.27226052,1,temp_drift-1,train
57.92771,0.6696788,4.371388,0.452325,0.47848,-0.94662213,1,temp_drift-1,train
58.690636,0.8096345,5.3804812,0.44428125,0.47848,-1.369705,1,temp_drift-1,train
59.598934,0.7811598,5.2106333,0.43594125,0.4776,-1.5419551,1,temp_drift-1,train
60.43649,0.7606455,5.0730033,0.4266175,0.4652,-1.0944649,1,temp_drift-1,train
61.20394,0.6107686,4.048144,0.43245125,0.4652,-1.1002623,1,temp_drift-1,train
61.93051,0.64532727,4.2628584,0.450635,0.48504,-0.9776824,1,temp_drift-1,train
62.673393,0.72601545,4.80971,0.4476475,0.48504,-1.2371589,1,temp_drift-1,train
63.502857,0.7560103,5.033462,0.46684375,0.51476,0.26539323,1,temp_drift-1,train
64.35635,0.7804748,5.197579,0.4538425,0.51476,-0.1968042,1,temp_drift-1,train
65.140854,0.6618292,4.379049,0.45516124,0.51476,0.07109228,1,temp_drift-1,train
65.92907,0.67379546,4.467834,0.4536775,0.49732,-0.43749157,1,temp_drift-1,train
66.725655,0.79724604,5.3227987,0.45859,0.49732,-0.5288072,1,temp_drift-1,train
67.564865,0.7594119,5.065805,0.46004376,0.49732,-0.23532648,1,temp_drift-1,train
68.37537,0.6962971,4.6096687,0.45974126,0.49732,-0.6987072,1,temp_drift-1,train
69.148094,0.6943074,4.5941625,0.46024376,0.48984,-1.275045,1,temp_drift-1,train
69.94418,0.70858103,4.679618,0.4663525,0.48984,-0.9160649,1,temp_drift-1,train
70.74638,0.742636,4.935417,0.46696374,0.48984,-1.1363902,1,temp_drift-1,train
71.514626,0.69027203,4.5700226,0.4515475,0.47596,-1.1824085,1,temp_drift-1,train
72.32164,0.7273612,4.8118973,0.44889876,0.46808,-1.1281636,1,temp_drift-1,train
73.08293,0.7179517,4.754913,0.45460376,0.48136,-1.300684,1,temp_drift-1,train
73.958694,0.8372934,5.4096265,0.4586475,0.48136,-0.51770467,1,temp_drift-1,train
7.488839,0.78981096,5.2102766,0.456115,0.47694,0.5495171,1,temp_drift-2,train
8.362895,0.7152642,4.7200437,0.4365375,0.47016,-1.1512249,1,temp_drift-2,train
9.151623,0.7403843,4.8524776,0.4344,0.4722,-1.3571897,1,temp_drift-2,train
9.9922905,0.7836318,5.1782427,0.431965,0.47912,-1.0108219,1,temp_drift-2,train
10.79012,0.7643443,5.035052,0.43767875,0.47912,-0.9729929,1,temp_drift-2,train
11.580995,0.6360276,4.2124844,0.44715124,0.49178,-1.0105706,1,temp_drift-2,train
12.317613,0.7253394,4.7637024,0.44590375,0.49178,-0.2818771,1,temp_drift-2,train
13.138256,0.797515,5.265788,0.45868126,0.49178,0.18956734,1,temp_drift-2,train
13.976275,0.8023374,5.274041,0.46186125,0.4886,0.17624153,1,temp_drift-2,train
14.812979,0.6925969,4.5676866,0.45529625,0.48824,-0.39526898,1,temp_drift-2,train
15.569069,0.6376463,4.2176266,0.449235,0.48824,-0.96325076,1,temp_drift-2,train
16.36239,0.7424823,4.9168925,0.4483625,0.48272,-1.2623098,1,temp_drift-2,train
17.174385,0.7785505,5.1480556,0.45597124,0.48272,-0.9418824,1,temp_drift-2,train
17.944012,0.62435955,4.093534,0.44155625,0.48272,-1.0558631,1,temp_drift-2,train
18.700264,0.6344368,4.1528316,0.44481376,0.48706,-0.86042106,1,temp_drift-2,train
19.457201,0.7850999,5.233867,0.4403325,0.48706,-0.59384406,1,temp_drift-2,train
20.310255,0.7475215,4.977135,0.46002874,0.48706,0.026477227,1,temp_drift-2,train
21.148758,0.7151645,4.7581515,0.465645,0.50528,0.5502499,1,temp_drift-2,train
21.969269,0.7397434,4.9227777,0.46048874,0.50528,-0.22789568,1,temp_drift-2,train
22.754774,0.70360506,4.6681194,0.45530125,0.50528,-0.3500617,1,temp_drift-2,train
23.564915,0.72376305,4.7781568,0.44122624,0.46092,-1.019346,1,temp_drift-2,train
24.314451,0.68159074,4.4811206,0.45146376,0.485,-0.48982093,1,temp_drift-2,train
25.175268,0.74839646,4.8665895,0.45053,0.485,-0.30506808,1,temp_drift-2,train
25.956156,0.78527707,5.159724,0.45507875,0.485,-0.4250426,1,temp_drift-2,train
26.800545,0.63840544,4.238568,0.4398,0.46604,0.71561944,1,temp_drift-2,train
27.556276,0.70803314,4.738082,0.43581876,0.47934,-0.6862021,1,temp_drift-2,train
28.308786,0.67764676,4.5164847,0.444275,0.49106,-1.0033913,1,temp_drift-2,train
29.073118,0.655862,4.367639,0.4553675,0.49106,0.38784686,1,temp_drift-2,train
29.878517,0.7732532,5.152248,0.4672775,0.49106,-0.12902175,1,temp_drift-2,train
30.713774,0.7493936,4.9884787,0.45883375,0.47832,-0.967371,1,temp_drift-2,train
31.510693,0.64861125,4.332485,0.44148374,0.47598,-1.0718266,1,temp_drift-2,train
32.331318,0.75698626,5.029411,0.427945,0.46344,-0.6185355,1,temp_drift-2,train
33.07107,0.70934016,4.663376,0.431105,0.46464,-1.3684611,1,temp_drift-2,train
33.891045,0.662286,4.3523684,0.44340625,0.47464,-1.070945,1,temp_drift-2,train
34.680958,0.7882189,5.2029767,0.4522125,0.47464,-0.740626,1,temp_drift-2,train
35.498913,0.7256299,4.774977,0.44821876,0.47464,-0.81342083,1,temp_drift-2,train
36.302105,0.64524287,4.25738,0.45392126,0.50212,-0.17173749,1,temp_drift-2,train
37.09657,0.75706214,5.003867,0.44948,0.50212,-0.5709139,1,temp_drift-2,train
37.89093,0.7270891,4.8022213,0.450585,0.50212,-0.8240145,1,temp_drift-2,train
38.74241,0.6994209,4.6237783,0.4463375,0.47572,-1.18309,1,temp_drift-2,train
39.53497,0.7619363,5.0462694,0.45419124,0.4776,0.48826468,1,temp_drift-2,train
40.385963,0.767997,5.0842977,0.45832625,0.4776,-1.0990659,1,temp_drift-2,train
41.241222,0.7717273,5.127414,0.4572025,0.48012,-1.3095735,1,temp_drift-2,train
42.047997,0.70096964,4.6601872,0.4580175,0.48792,-1.5050755,1,temp_drift-2,train
42.79112,0.6232133,4.151585,0.455815,0.48792,-1.487571,1,temp_drift-2,train
43.498955,0.63947135,4.2622466,0.4655875,0.49316,-0.9770089,1,temp_drift-2,train
44.24381,0.7189498,4.795331,0.45293626,0.49316,-1.4909621,1,temp_drift-2,train
45.076553,0.79279375,5.285856,0.4529375,0.49316,-1.1209651,1,temp_drift-2,train
45.911644,0.7724074,5.0904016,0.43741375,0.47578,0.67233014,1,temp_drift-2,train
46.73415,0.6969416,4.588173,0.435125,0.46904,-0.393836,1,temp_drift-2,train
47.51993,0.6839022,4.4932837,0.43357876,0.46904,-0.9192807,1,temp_drift-2,train
48.26134,0.6862078,4.4655066,0.4336425,0.46904,-1.2604371,1,temp_drift-2,train
49.120827,0.76402366,4.945726,0.44389126,0.47356,-0.8117651,1,temp_drift-2,train
49.891838,0.7199125,4.6310225,0.44485876,0.47356,0.23839933,1,temp_drift-2,train
50.683712,0.68241394,4.4555535,0.44795626,0.47356,0.2374961,1,temp_drift-2,train
51.484016,0.79032975,5.2417655,0.43507624,0.46202,-1.2589496,1,temp_drift-2,train
52.33905,0.8135424,5.426958,0.43611124,0.47618,-1.1519818,1,temp_drift-2,train
53.201836,0.7340551,4.8779173,0.4443425,0.47878,-1.5102023,1,temp_drift-2,train
54.241196,1.0293007,6.739306,0.465145,0.50474,-0.12306838,1,temp_drift-2,train
55.286728,1.0801971,7.1150823,0.46964875,0.50474,-0.036316164,1,temp_drift-2,train
56.45314,0.9085308,6.0036793,0.46670374,0.50474,-0.52094704,1,temp_drift-2,train
57.29755,0.75740284,4.918618,0.45103374,0.47706,-1.1255614,1,temp_drift-2,train
58.14797,0.71243346,4.6262136,0.4462275,0.47706,-0.4059616,1,temp_drift-2,train
58.940376,0.83306307,5.4936275,0.4364975,0.45624,-0.32661214,1,temp_drift-2,train
59.863194,0.8332514,5.508809,0.43212125,0.45624,-0.90462846,1,temp_drift-2,train
60.728992,0.8164657,5.3865833,0.43849376,0.48316,-0.5319793,1,temp_drift-2,train
61.407986,0.5276899,3.2520769,0.44432625,0.48316,-1.2565156,1,temp_drift-2,train
62.158245,0.69275665,4.2405357,0.45792124,0.48316,-0.6511265,1,temp_drift-2,train
62.69489,0.6575134,3.7467895,0.46223876,0.48316,-0.6905903,1,temp_drift-2,train
63.272034,0.3472257,1.7621807,0.45413375,0.47714,-0.97112894,1,temp_drift-2,train
63.732613,0.55310875,3.4036791,0.451795,0.47714,-0.5221277,1,temp_drift-2,train
64.35578,0.69694024,4.6476436,0.443305,0.45744,-0.20346391,1,temp_drift-2,train
65.122314,0.6639128,4.4196243,0.4422675,0.45744,-0.84752035,1,temp_drift-2,train
65.89261,0.7266654,4.818375,0.44023624,0.45192,-1.0561963,1,temp_drift-2,train
66.638916,0.69025177,4.5421,0.44114,0.45808,-0.7935076,1,temp_drift-2,train
67.429886,0.6838686,4.4653325,0.4370925,0.45808,0.6708022,1,temp_drift-2,train
68.18663,0.7613206,5.01412,0.4357075,0.45808,-0.2908575,1,temp_drift-2,train
69.02577,0.74902093,4.9386983,0.43788624,0.46716,-0.35627356,1,temp_drift-2,train
69.827705,0.7802393,5.1732984,0.44004625,0.46716,-0.1334039,1,temp_drift-2,train
70.68285,0.7531623,5.0015674,0.448825,0.46716,-0.9472985,1,temp_drift-2,train
71.50807,0.79163575,5.278612,0.45344624,0.47234,-0.9197644,1,temp_drift-2,train
72.3682,0.7492915,4.991715,0.46792126,0.5126,-0.6142398,1,temp_drift-2,train
73.16982,0.69687635,4.6448765,0.4737325,0.5126,-0.07819964,1,temp_drift-2,train
73.91937,0.6128301,4.083985,0.47294375,0.5126,-0.31758788,1,temp_drift-2,train
7.5819755,0.7178856,4.703289,0.46225,0.48864,-0.97660005,1,temp_drift-3,train
8.33221,0.6870159,4.5110655,0.465965,0.48864,-1.2460572,1,temp_drift-3,train
9.156689,0.69462436,4.6166806,0.46779874,0.49334,-0.98320013,1,temp_drift-3,train
9.941448,0.75664574,5.0378213,0.46613625,0.49334,-0.95920134,1,temp_drift-3,train
10.797801,0.76326865,5.083002,0.46580374,0.49334,-0.31066093,1,temp_drift-3,train
11.590629,0.706825,4.683998,0.463975,0.48962,0.046584282,1,temp_drift-3,train
12.371676,0.6470439,4.3005347,0.46285126,0.48962,0.15564069,1,temp_drift-3,train
13.16549,0.7428097,4.926873,0.44936875,0.48962,-1.1146363,1,temp_drift-3,train
13.910791,0.70357615,4.5999126,0.438945,0.46448,-1.0561739,1,temp_drift-3,train
14.716025,0.709646,4.6444774,0.427535,0.46408,-0.18862094,1,temp_drift-3,train
15.431308,0.7101211,4.6691113,0.43294626,0.46408,-0.5192323,1,temp_drift-3,train
16.254808,0.70784265,4.6962433,0.4310725,0.44638,-0.91406995,1,temp_drift-3,train
16.983223,0.6986937,4.629718,0.43456626,0.44638,1.1914275,1,temp_drift-3,train
17.86234,0.7789903,5.1276484,0.44048125,0.46562,0.2564168,1,temp_drift-3,train
18.69638,0.84514177,5.625267,0.43954125,0.46562,0.019332482,1,temp_drift-3,train
19.579802,0.74653655,4.9626403,0.452655,0.49442,0.04222414,1,temp_drift-3,train
20.341438,0.66133046,4.3923335,0.45178124,0.49442,-0.2681971,1,temp_drift-3,train
21.111212,0.7170472,4.7524366,0.45962125,0.49442,-0.99524355,1,temp_drift-3,train
21.947826,0.8140284,5.4079204,0.45470625,0.49442,-0.69674385,1,temp_drift-3,train
22.768147,0.7443637,4.895451,0.4529975,0.48786,-0.20744467,1,temp_drift-3,train
23.551498,0.650458,4.2692127,0.44292375,0.47202,-1.0561479,1,temp_drift-3,train
24.300669,0.75492436,5.00647,0.44388375,0.47202,-0.7592111,1,temp_drift-3,train
25.09623,0.7238472,4.7964296,0.43748376,0.46016,-1.2603755,1,temp_drift-3,train
25.892067,0.663985,4.4072685,0.44101,0.46118,-1.0750703,1,temp_drift-3,train
26.685568,0.7173742,4.7478704,0.44213876,0.46226,-0.95079774,1,temp_drift-3,train
27.428478,0.70835316,4.681938,0.45118624,0.477,-0.37247863,1,temp_drift-3,train
28.284718,0.7534491,4.9525986,0.45021126,0.477,-1.0418681,1,temp_drift-3,train
29.041742,0.7551123,4.957143,0.44375125,0.477,-1.3652129,1,temp_drift-3,train
29.91469,0.71291155,4.6959524,0.44380125,0.48396,-1.1779798,1,temp_drift-3,train
30.728327,0.8385174,5.598394,0.44557375,0.48396,-0.6138483,1,temp_drift-3,train
31.607641,0.76216,5.076176,0.45201126,0.48396,0.089172,1,temp_drift-3,train
32.41199,0.6661641,4.3803825,0.46046126,0.50008,-0.551211,1,temp_drift-3,train
33.186295,0.7113537,4.631962,0.46924126,0.50008,-1.0728929,1,temp_drift-3,train
33.93906,0.6847313,4.4470897,0.47611,0.50008,0.35020456,1,temp_drift-3,train
34.68765,0.69696087,4.56641,0.47731,0.50008,-0.52035844,1,temp_drift-3,train
35.49955,0.7788677,5.181658,0.47106376,0.49302,0.62598246,1,temp_drift-3,train
36.280083,0.7157949,4.730461,0.46667624,0.49302,0.06323663,1,temp_drift-3,train
37.104874,0.7046591,4.660422,0.463045,0.4718,-1.0482128,1,temp_drift-3,train
37.91618,0.8280308,5.5407867,0.45826,0.4718,0.59707326,1,temp_drift-3,train
38.74491,0.7178636,4.7741485,0.45485875,0.4718,-0.6823351,1,temp_drift-3,train
39.53469,0.66569054,4.403776,0.4497975,0.46148,-0.13248628,1,temp_drift-3,train
40.312923,0.7489754,4.957605,0.44853124,0.46878,-0.24928674,1,temp_drift-3,train
41.153893,0.8080177,5.348427,0.448825,0.46878,-0.9417433,1,temp_drift-3,train
42.02038,0.7634422,5.062627,0.443285,0.46878,-0.40211564,1,temp_drift-3,train
42.77212,0.6596719,4.3283253,0.4460025,0.46918,-0.6880869,1,temp_drift-3,train
43.51022,0.6034049,4.0045495,0.43723124,0.46918,0.24168177,1,temp_drift-3,train
44.257362,0.73874474,4.9170256,0.42885,0.46918,-0.98439735,1,temp_drift-3,train
45.06026,0.7484714,4.986043,0.42772,0.45998,-1.2199802,1,temp_drift-3,train
46.16302,1.0866042,7.0533733,0.427885,0.45998,-1.2665976,1,temp_drift-3,train
47.272137,1.170936,7.6935987,0.4389925,0.45998,-0.3906623,1,temp_drift-3,train
48.43669,0.89076173,5.8023376,0.4448625,0.46428,-0.79075235,1,temp_drift-3,train
49.39505,0.81370854,5.394483,0.44210124,0.46428,-1.0988457,1,temp_drift-3,train
50.233437,0.75909555,4.9861093,0.438865,0.46428,-1.3902524,1,temp_drift-3,train
51.025852,0.66524965,4.3578672,0.4418475,0.4737,-1.3274199,1,temp_drift-3,train
51.813137,0.7185643,4.7007885,0.44947875,0.4737,-1.4065017,1,temp_drift-3,train
52.64489,0.75942576,4.972787,0.45848,0.48154,-0.69558465,1,temp_drift-3,train
53.26923,0.5046085,2.8489513,0.44575626,0.48154,-0.83616817,1,temp_drift-3,train
53.69773,0.3100242,1.4908408,0.4536325,0.50374,-1.2001433,1,temp_drift-3,train
54.04122,0.39852032,2.334192,0.45261,0.50374,-0.83037025,1,temp_drift-3,train
54.666386,0.7364115,4.806394,0.46273875,0.50374,-0.49360266,1,temp_drift-3,train
55.479996,0.8282398,5.4627542,0.45125374,0.47688,0.050778832,1,temp_drift-3,train
56.351143,0.73183787,4.8603606,0.44925126,0.47688,1.2391835,1,temp_drift-3,train
57.168617,0.7382691,4.926165,0.4478125,0.46704,1.1587075,1,temp_drift-3,train
57.975685,0.7635371,5.0857997,0.4469325,0.46704,0.21137385,1,temp_drift-3,train
58.740166,0.6680684,4.409033,0.44565624,0.46704,-0.4158195,1,temp_drift-3,train
59.487923,0.69783235,4.5959888,0.44776875,0.47114,-0.18345106,1,temp_drift-3,train
60.28376,0.7902558,5.2676954,0.447815,0.47114,-0.6347892,1,temp_drift-3,train
61.087597,0.7181136,4.760063,0.4435725,0.47114,-0.5132154,1,temp_drift-3,train
61.904808,0.67272377,4.4771395,0.44067624,0.4619,-0.45886627,1,temp_drift-3,train
62.64293,0.699718,4.655562,0.4430975,0.46342,-0.7850545,1,temp_drift-3,train
63.480713,0.78553724,5.219905,0.4495575,0.46342,-0.51922524,1,temp_drift-3,train
64.29108,0.77511156,5.1373677,0.45235,0.46372,-1.2113591,1,temp_drift-3,train
65.14255,0.7126532,4.675316,0.454045,0.47264,0.124582596,1,temp_drift-3,train
65.95668,0.757047,4.9941745,0.4538375,0.48052,-0.14751206,1,temp_drift-3,train
66.78803,0.7340096,4.848756,0.44623125,0.48052,-0.8176266,1,temp_drift-3,train
67.55735,0.6695317,4.459982,0.443805,0.48052,-0.489801,1,temp_drift-3,train
68.37467,0.7343141,4.875416,0.44878,0.48838,-1.046315,1,temp_drift-3,train
69.16482,0.77785814,5.1410036,0.4597625,0.48838,-0.8322845,1,temp_drift-3,train
70.00989,0.7238445,4.7754436,0.46301624,0.48838,-1.1266836,1,temp_drift-3,train
70.76638,0.722885,4.7645726,0.45279124,0.48242,1.7344407,1,temp_drift-3,train
71.54935,0.6666463,4.409637,0.4548875,0.4838,-0.46240586,1,temp_drift-3,train
72.27228,0.66528785,4.4022236,0.461675,0.50486,-0.6607631,1,temp_drift-3,train
73.07713,0.7502432,4.9708343,0.47111,0.50486,-0.52129215,1,temp_drift-3,train
73.880775,0.7429546,4.933188,0.47479376,0.50486,-0.75761294,1,temp_drift-3,train
7.5612273,0.6916882,4.554295,0.45069376,0.47058,-0.4525595,1,temp_drift-4,val
8.316175,0.7088801,4.6905727,0.46281376,0.48672,-0.6402708,1,temp_drift-4,val
9.0776,0.636033,4.2403207,0.459505,0.48672,-0.989791,1,temp_drift-4,val
9.849498,0.70605385,4.7128363,0.4505075,0.48672,-1.1661603,1,temp_drift-4,val
10.625601,0.73658943,4.904006,0.43752,0.4573,-0.30489656,1,temp_drift-4,val
11.479519,0.7343931,4.8740573,0.44446,0.46888,-1.0972493,1,temp_drift-4,val
12.28529,0.71910053,4.7318726,0.4533775,0.48,-0.8849021,1,temp_drift-4,val
13.095875,0.7052363,4.6614065,0.4607525,0.48,-0.2946958,1,temp_drift-4,val
13.906186,0.75561947,5.0160527,0.45,0.48,0.14151578,1,temp_drift-4,val
14.748817,0.7865546,5.2616444,0.437585,0.46842,-1.0534023,1,temp_drift-4,val
15.58358,0.7327727,4.8898997,0.4291125,0.46104,-0.66739404,1,temp_drift-4,val
16.369469,0.6968739,4.64021,0.43446624,0.46066,-0.9329119,1,temp_drift-4,val
17.157993,0.74162996,4.934771,0.4440925,0.4638,-1.1869121,1,temp_drift-4,val
17.923168,0.68340445,4.5283484,0.44902375,0.4638,-0.7822187,1,temp_drift-4,val
18.686178,0.6820605,4.517349,0.44363,0.4638,0.9078639,1,temp_drift-4,val
19.493513,0.7627643,5.052812,0.4323925,0.45232,-0.97772115,1,temp_drift-4,val
20.311426,0.76822764,5.103188,0.434215,0.45642,-1.2683245,1,temp_drift-4,val
21.103287,0.68661904,4.5510225,0.4539725,0.51606,-1.289239,1,temp_drift-4,val
21.912489,0.7123394,4.735107,0.46481124,0.51606,-1.0625446,1,temp_drift-4,val
22.730135,0.7886742,5.244933,0.47193125,0.51606,-0.90035915,1,temp_drift-4,val
23.5744,0.73139066,4.8559384,0.457935,0.5007,0.8826154,1,temp_drift-4,val
24.328299,0.6778546,4.480141,0.45477,0.474,-1.1641873,1,temp_drift-4,val
25.105944,0.6787861,4.519751,0.43959874,0.4684,0.3365018,1,temp_drift-4,val
25.927221,0.82264286,5.492621,0.4327475,0.47596,-0.91991276,1,temp_drift-4,val
26.797369,0.77712655,5.15165,0.44006374,0.48252,-1.3690941,1,temp_drift-4,val
27.583704,0.6687782,4.3903294,0.45410374,0.49148,-0.89139915,1,temp_drift-4,val
28.347101,0.6525797,4.3034096,0.47126126,0.49612,-0.5921458,1,temp_drift-4,val
29.12283,0.7870719,5.25018,0.46503,0.49612,-0.5231739,1,temp_drift-4,val
30.002157,0.79890406,5.332856,0.46246624,0.49612,-0.10184655,1,temp_drift-4,val
30.786358,0.6942636,4.5790095,0.45489874,0.49612,-0.10781362,1,temp_drift-4,val
31.589275,0.6895892,4.540205,0.45440876,0.47988,-0.87708926,1,temp_drift-4,val
32.28794,0.6880119,4.537009,0.45780626,0.48706,-1.148236,1,temp_drift-4,val
33.06546,0.66828066,4.416255,0.4699375,0.48706,-0.64680004,1,temp_drift-4,val
33.829754,0.7289665,4.8490944,0.47201875,0.48706,1.3805091,1,temp_drift-4,val
34.647015,0.74778116,4.997691,0.45949,0.48194,-1.1590378,1,temp_drift-4,val
35.43468,0.7047254,4.6881466,0.44970876,0.48186,-1.2127053,1,temp_drift-4,val
36.269203,0.7734853,5.1309443,0.4377825,0.46002,-0.70865667,1,temp_drift-4,val
37.056126,0.7676097,5.083806,0.44510624,0.46966,-1.0720167,1,temp_drift-4,val
37.90318,0.7202125,4.7791414,0.4406025,0.46966,-0.55949205,1,temp_drift-4,val
38.67365,0.7027961,4.680843,0.44579375,0.46966,-0.23413356,1,temp_drift-4,val
39.472404,0.70039403,4.6790166,0.4556025,0.50674,-0.673857,1,temp_drift-4,val
40.27223,0.758114,5.0674777,0.4654875,0.50674,-0.8810127,1,temp_drift-4,val
41.07831,0.72865057,4.8589773,0.46618626,0.50674,-0.33087158,1,temp_drift-4,val
41.87033,0.69489294,4.6272,0.45187876,0.49968,-0.23787078,1,temp_drift-4,val
42.679916,0.7309749,4.8638163,0.43689,0.46144,-0.7019925,1,temp_drift-4,val
43.490685,0.7595765,5.065156,0.41846624,0.4506,-1.0420257,1,temp_drift-4,val
44.32489,0.7232904,4.808852,0.4258125,0.46614,-1.2970778,1,temp_drift-4,val
45.139977,0.73077875,4.859336,0.4268575,0.46614,-1.0281566,1,temp_drift-4,val
45.97792,0.74458367,4.95762,0.435985,0.46614,-0.8197536,1,temp_drift-4,val
46.79177,0.725615,4.8062744,0.43785,0.46452,-1.168286,1,temp_drift-4,val
47.560085,0.6517465,4.3113747,0.44202,0.46988,-1.2651614,1,temp_drift-4,val
48.323505,0.6597908,4.3571887,0.4477825,0.47096,-1.1289723,1,temp_drift-4,val
49.05882,0.7065186,4.6940393,0.45987126,0.49976,-0.7535425,1,temp_drift-4,val
49.857166,0.69410396,4.6101956,0.44969624,0.49976,-1.1874295,1,temp_drift-4,val
50.65993,0.76968414,5.131996,0.4444775,0.49976,-1.3252916,1,temp_drift-4,val
51.473625,0.74062663,4.9404025,0.43421125,0.47756,-0.9614186,1,temp_drift-4,val
52.298878,0.6930553,4.634644,0.4436725,0.48156,-1.6489418,1,temp_drift-4,val
53.079773,0.7126935,4.7631955,0.44271374,0.48156,-1.1214882,1,temp_drift-4,val
53.945816,0.7954692,5.289295,0.43494624,0.48156,-1.2518818,1,temp_drift-4,val
54.743214,0.7389768,4.8778343,0.429035,0.48706,-0.24128182,1,temp_drift-4,val
55.574142,0.6813848,4.506667,0.44253,0.50416,-1.09601,1,temp_drift-4,val
56.336464,0.7357792,4.897466,0.4513125,0.50416,-0.8535434,1,temp_drift-4,val
57.06744,0.6152864,4.0684524,0.45187375,0.50416,-0.15670048,1,temp_drift-4,val
57.843346,0.67642164,4.4532185,0.44071126,0.49096,1.6637864,1,temp_drift-4,val
58.635944,0.8028298,5.3261943,0.45653126,0.50654,-1.0537825,1,temp_drift-4,val
59.447475,0.6713299,4.435684,0.45303,0.50654,-1.183545,1,temp_drift-4,val
60.254463,0.67699695,4.4563527,0.459765,0.50654,-1.1332697,1,temp_drift-4,val
61.05867,0.8272299,5.452945,0.442345,0.47422,-0.58253926,1,temp_drift-4,val
61.93223,0.7979253,5.2503896,0.44325376,0.47422,-0.8324436,1,temp_drift-4,val
62.701286,0.7107084,4.6179967,0.44299,0.4664,-1.0680596,1,temp_drift-4,val
63.492462,0.69543195,4.5995817,0.4420575,0.4664,-0.8436615,1,temp_drift-4,val
64.35992,0.87018013,5.775798,0.446905,0.4664,-0.9566395,1,temp_drift-4,val
65.46339,1.0785117,7.1459913,0.44026375,0.46224,-0.487687,1,temp_drift-4,val
66.569824,1.0181249,6.707244,0.44272125,0.46224,-0.42060935,1,temp_drift-4,val
67.712135,0.95292425,6.178011,0.44647875,0.47516,-0.84373516,1,temp_drift-4,val
68.61436,0.82481104,5.2544136,0.45440125,0.47992,-1.10646,1,temp_drift-4,val
69.45103,0.6221557,3.9450107,0.45057,0.47992,-0.75860476,1,temp_drift-4,val
70.116005,0.6769197,4.4247904,0.45486626,0.48464,-1.0432577,1,temp_drift-4,val
70.898766,0.7199804,4.783136,0.45586,0.48464,-1.0784067,1,temp_drift-4,val
71.43708,0.49224958,2.7575753,0.46626624,0.49256,-0.80193186,1,temp_drift-4,val
71.977135,0.41886756,2.2940168,0.459595,0.49256,-0.927134,1,temp_drift-4,val
72.431274,0.575339,3.6395447,0.455765,0.49256,-0.8080704,1,temp_drift-4,val
73.132484,0.66519016,4.420164,0.44562376,0.4699,-1.2389119,1,temp_drift-4,val
73.926285,0.77712125,5.176499,0.44746125,0.4699,-1.3094454,1,temp_drift-4,val
7.483006,0.70819324,4.659903,0.44774124,0.47324,-0.8738166,1,temp_drift-5,test
8.322955,0.75747705,5.022142,0.45700374,0.4813,-0.75762665,1,temp_drift-5,test
9.104656,0.73607516,4.878536,0.47169876,0.50602,0.830544,1,temp_drift-5,test
9.875041,0.66858655,4.4158444,0.46571,0.50602,-0.08514644,1,temp_drift-5,test
10.607478,0.64916396,4.334775,0.45878875,0.50602,0.3443591,1,temp_drift-5,test
11.406946,0.7795928,5.1810207,0.45102125,0.4756,0.056349456,1,temp_drift-5,test
12.266127,0.8184114,5.428498,0.45823625,0.4756,-1.2855299,1,temp_drift-5,test
13.12476,0.7838227,5.1470757,0.4610025,0.47652,-1.3776517,1,temp_drift-5,test
13.9836,0.7535813,4.9673915,0.462705,0.47878,-1.2526997,1,temp_drift-5,test
14.723188,0.7254651,4.7560096,0.460505,0.48622,-0.12846608,1,temp_drift-5,test
15.515625,0.6468692,4.301046,0.44937626,0.48622,-1.1068252,1,temp_drift-5,test
16.241047,0.7161444,4.784551,0.44181624,0.48622,-0.28627136,1,temp_drift-5,test
17.07663,0.7556694,5.037303,0.44472376,0.4884,-0.67078424,1,temp_drift-5,test
17.896572,0.78856707,5.2545056,0.44988,0.4884,-0.7914764,1,temp_drift-5,test
18.745262,0.75266695,5.009126,0.4615475,0.4884,-0.9188411,1,temp_drift-5,test
19.541166,0.70148814,4.6720705,0.44992626,0.47846,-0.22610815,1,temp_drift-5,test
20.353062,0.73086923,4.8793473,0.44620624,0.47846,-1.1338358,1,temp_drift-5,test
21.116535,0.7060647,4.691277,0.44283,0.47036,-0.9468467,1,temp_drift-5,test
21.933222,0.713462,4.706536,0.4463375,0.47036,-0.9385269,1,temp_drift-5,test
22.734152,0.76771766,5.0632963,0.46498626,0.49886,-0.06255027,1,temp_drift-5,test
23.559402,0.76628137,5.0654225,0.47261,0.50136,-1.3408409,1,temp_drift-5,test
24.330492,0.6263757,4.145248,0.4693775,0.50136,-1.1661805,1,temp_drift-5,test
25.117231,0.73184896,4.832246,0.45945624,0.50136,-0.91198987,1,temp_drift-5,test
25.862146,0.7183014,4.7232394,0.44858876,0.46898,-0.28140342,1,temp_drift-5,test
26.67827,0.70105773,4.635531,0.45408124,0.48392,-0.5124305,1,temp_drift-5,test
27.436037,0.7153111,4.760416,0.45912,0.48392,-0.037198346,1,temp_drift-5,test
28.33386,0.8166401,5.434777,0.45489874,0.48392,-0.30336562,1,temp_drift-5,test
29.168764,0.7949606,5.2681966,0.44223624,0.46144,-0.14840439,1,temp_drift-5,test
30.020933,0.68064,4.5219746,0.44180626,0.45992,-0.12031325,1,temp_drift-5,test
30.736692,0.6524526,4.309993,0.44034624,0.45992,-0.5801966,1,temp_drift-5,test
31.55502,0.75824016,4.9925637,0.432,0.45992,-0.96092916,1,temp_drift-5,test
32.381058,0.7740818,5.06897,0.4414425,0.49442,-1.0492607,1,temp_drift-5,test
33.16098,0.5923548,3.900121,0.45707625,0.49732,-1.4637766,1,temp_drift-5,test
33.894093,0.6483364,4.241133,0.4717925,0.49732,-0.9755529,1,temp_drift-5,test
34.669533,0.798547,5.304571,0.46756,0.49732,-1.1044619,1,temp_drift-5,test
35.51656,0.7606331,5.055501,0.45431125,0.4969,-0.48474294,1,temp_drift-5,test
36.338085,0.67318225,4.4830837,0.4503925,0.47288,-1.0262743,1,temp_drift-5,test
37.089462,0.7187331,4.7592964,0.454045,0.4748,-0.55501264,1,temp_drift-5,test
37.933876,0.7892751,5.229127,0.45431125,0.4748,-1.0134778,1,temp_drift-5,test
38.70867,0.7203517,4.73317,0.45398125,0.48144,-0.65171397,1,temp_drift-5,test
39.531525,0.6606652,4.3773594,0.4576475,0.49736,-0.7543432,1,temp_drift-5,test
40.28419,0.7573161,5.0657883,0.4567475,0.49736,-0.6504411,1,temp_drift-5,test
41.12573,0.73815423,4.9352837,0.448415,0.49736,-0.8716602,1,temp_drift-5,test
41.95303,0.7543129,5.0412164,0.436375,0.4578,-0.7797943,1,temp_drift-5,test
42.75288,0.7090432,4.696985,0.43088874,0.44834,-0.45175028,1,temp_drift-5,test
43.521385,0.6562421,4.336147,0.4447475,0.47336,-1.0431647,1,temp_drift-5,test
44.28803,0.69010615,4.5593433,0.452165,0.47336,-0.8456025,1,temp_drift-5,test
45.04561,0.75477654,4.991002,0.46271876,0.47886,-0.68972296,1,temp_drift-5,test
45.924282,0.8066244,5.341814,0.45903125,0.47886,1.244498,1,temp_drift-5,test
46.73608,0.77403104,5.1023936,0.4489875,0.47886,-0.67403656,1,temp_drift-5,test
47.55086,0.6295817,4.1846433,0.44836625,0.4784,-0.69696873,1,temp_drift-5,test
48.275455,0.69270575,4.611578,0.44578126,0.4784,-0.33552775,1,temp_drift-5,test
49.047962,0.72284204,4.821277,0.4569325,0.4784,-1.2029504,1,temp_drift-5,test
49.867775,0.76551646,5.112977,0.452325,0.48204,-0.023911478,1,temp_drift-5,test
50.698807,0.7540366,5.030048,0.44074,0.48204,-1.0453497,1,temp_drift-5,test
51.472145,0.6835326,4.513353,0.43210125,0.48204,-0.53013647,1,temp_drift-5,test
52.262966,0.7147416,4.706108,0.41840374,0.43586,-1.2262045,1,temp_drift-5,test
53.064606,0.75925297,5.018021,0.42646876,0.46676,0.19160262,1,temp_drift-5,test
53.935497,0.81405836,5.4164276,0.43744874,0.46676,-1.3800948,1,temp_drift-5,test
54.769966,0.7301061,4.8455443,0.44997624,0.47782,0.0008255009,1,temp_drift-5,test
55.545452,0.68513036,4.5189204,0.45504874,0.47782,-0.14555015,1,temp_drift-5,test
56.3124,0.705428,4.6193047,0.4482825,0.47782,-1.0451277,1,temp_drift-5,test
57.07111,0.7034035,4.5941854,0.43888375,0.47782,0.16713616,1,temp_drift-5,test
57.878067,0.70944375,4.6006355,0.42672,0.44326,-0.5524998,1,temp_drift-5,test
58.70178,0.83655375,5.5362535,0.43055624,0.45764,-0.48414585,1,temp_drift-5,test
59.52925,0.7743236,5.0796247,0.43065125,0.45764,-1.0055138,1,temp_drift-5,test
60.332104,0.666775,4.3853664,0.4341125,0.45764,-1.0324156,1,temp_drift-5,test
61.079292,0.7432072,4.9354734,0.4289475,0.44712,-1.2857388,1,temp_drift-5,test
61.863663,0.70339316,4.676899,0.4306325,0.46956,0.06466367,1,temp_drift-5,test
62.66936,0.7115022,4.7475057,0.450635,0.4984,-1.4887398,1,temp_drift-5,test
63.511986,0.8174602,5.451536,0.46489125,0.50558,-0.9381856,1,temp_drift-5,test
64.41973,0.83096504,5.5361457,0.47635624,0.50558,-0.66920155,1,temp_drift-5,test
65.25197,0.7339762,4.8328037,0.46436626,0.50558,-0.9535722,1,temp_drift-5,test
66.03573,0.6675018,4.396057,0.4425625,0.49646,-0.41269273,1,temp_drift-5,test
66.74824,0.71176976,4.712623,0.44383374,0.49646,-0.57090175,1,temp_drift-5,test
67.5594,0.7578947,5.0346713,0.45119876,0.493,-1.3419492,1,temp_drift-5,test
68.28976,0.65847856,4.324496,0.472465,0.50008,-0.41124707,1,temp_drift-5,test
69.10408,0.71412486,4.684961,0.47760126,0.50008,-0.08165623,1,temp_drift-5,test
69.90963,0.8306646,5.536651,0.467165,0.50008,-0.95085025,1,temp_drift-5,test
70.757996,0.70791614,4.7024918,0.46402624,0.48202,-1.1682789,1,temp_drift-5,test
71.55021,0.67495775,4.487083,0.46166375,0.48202,-1.6156882,1,temp_drift-5,test
72.28799,0.68038607,4.521322,0.46093,0.48202,-1.6679066,1,temp_drift-5,test
73.05224,0.68953353,4.5854363,0.45966876,0.48622,-1.3472563,1,temp_drift-5,test
73.94335,0.91109824,5.9480166,0.45836625,0.48754,-1.2222888,1,temp_drift-5,test
4.1064067,0.15825017,0.72126627,1.2138875,1.26644,0.8811333,1,vibration-1,train
4.139943,0.09583661,-0.5238266,1.2246712,1.26864,-0.9624421,1,vibration-1,train
4.049101,0.115384646,-0.59080595,1.2369626,1.30784,-0.3851079,1,vibration-1,train
4.015456,0.10581469,0.16989967,1.2288612,1.30784,-0.25030792,1,vibration-1,train
4.0711417,0.18552119,0.68161595,1.1932175,1.30784,-1.1143737,1,vibration-1,train
4.067995,0.193961,-0.47534418,1.1546887,1.26338,-0.75443745,1,vibration-1,train
4.075328,0.18778852,-0.5704345,1.1153038,1.21104,-0.69809395,1,vibration-1,train
4.04106,0.1301052,0.6875797,1.1530524,1.27858,-1.3258791,1,vibration-1,train
4.098037,0.08212551,0.04714355,1.15413,1.27858,-1.1847583,1,vibration-1,train
4.079115,0.08874749,-0.23750323,1.2148975,1.30068,-1.1132423,1,vibration-1,train
4.0298376,0.09039359,-0.32448193,1.1985525,1.30068,-1.2530432,1,vibration-1,train
4.014161,0.09823103,-0.123799354,1.2323987,1.3104,-0.7431041,1,vibration-1,train
3.9674742,0.13262247,-0.24352984,1.250845,1.31752,-0.5061028,1,vibration-1,train
3.962376,0.12419186,-0.0025930644,1.2379438,1.31752,-1.1886399,1,vibration-1,train
3.97352,0.12598695,0.65459853,1.2593062,1.3291,-1.4234153,1,vibration-1,train
4.0379243,0.08498692,0.29110113,1.2331712,1.3291,-0.9207557,1,vibration-1,train
4.044025,0.086735636,-0.053477418,1.2263725,1.3291,-1.3691164,1,vibration-1,train
4.026602,0.08607379,-0.24770904,1.217785,1.3291,-1.1554058,1,vibration-1,train
3.9958632,0.08245253,-0.17063081,1.18288,1.27144,-1.147987,1,vibration-1,train
3.9366786,0.111886956,-0.3433974,1.18991,1.27144,-1.3673923,1,vibration-1,train
3.9564407,0.12607123,0.08630661,1.189835,1.28566,-1.2543821,1,vibration-1,train
3.9470413,0.12015676,0.40862757,1.19349,1.28566,-0.85505337,1,vibration-1,train
3.9983459,0.09241218,-0.17342855,1.1908325,1.28566,-0.44574684,1,vibration-1,train
3.9498317,0.10115886,-0.13862419,1.166875,1.23828,-1.1311766,1,vibration-1,train
3.9285104,0.1326614,-0.22662291,1.1825588,1.2898,-1.2868708,1,vibration-1,train
3.9462175,0.14056326,-0.013537258,1.217325,1.2898,0.46168855,1,vibration-1,train
3.971234,0.13579528,0.17254259,1.212715,1.2898,-0.99735665,1,vibration-1,train
3.977146,0.11355553,-0.076078065,1.1969187,1.26836,-1.4147912,1,vibration-1,train
3.9963121,0.1031583,0.0037625807,1.19872,1.32848,-0.49932674,1,vibration-1,train
3.9657774,0.09428119,0.25678307,1.20809,1.32848,-0.4845042,1,vibration-1,train
3.9918013,0.0744487,0.041220967,1.2411138,1.32848,-1.1788157,1,vibration-1,train
4.0280776,0.1035124,0.4328608,1.1900138,1.31888,-1.0928628,1,vibration-1,train
4.0443053,0.12831011,0.14303274,1.166845,1.31888,-1.3895974,1,vibration-1,train
4.059144,0.13399321,0.00917371,1.1540174,1.27838,-1.4322296,1,vibration-1,train
4.0347447,0.1390904,-0.16903065,1.17441,1.27838,-1.0177786,1,vibration-1,train
3.9714503,0.14653793,-0.7194624,1.178545,1.27838,-1.3747845,1,vibration-1,train
3.937631,0.129964,-0.21835838,1.1572462,1.2666,-1.3793018,1,vibration-1,train
3.887044,0.11831342,0.2325658,1.1517812,1.25244,-1.2496442,1,vibration-1,train
3.9248245,0.121219456,0.041211773,1.2178588,1.34674,-0.91420126,1,vibration-1,train
3.9782786,0.1498843,0.686999,1.2644862,1.34674,-0.6608402,1,vibration-1,train
4.0600986,0.1257257,0.36294097,1.2906375,1.34674,-0.38557115,1,vibration-1,train
4.0564337,0.11332342,-0.49955323,1.2476774,1.3455,-0.8843245,1,vibration-1,train
3.9636664,0.13220902,-0.8042637,1.2062738,1.31994,-1.2507399,1,vibration-1,train
3.9078283,0.11586727,0.107685,1.1551888,1.27602,-0.26909217,1,vibration-1,train
3.9698915,0.16854776,0.9008589,1.17279,1.28818,-1.1403955,1,vibration-1,train
4.00893,0.14778611,0.19633694,1.1841725,1.28818,-1.2395278,1,vibration-1,train
4.0534344,0.10993399,-0.14500307,1.21077,1.28818,-0.7253016,1,vibration-1,train
3.9990833,0.10362632,0.0030106453,1.1897388,1.28818,0.19923076,1,vibration-1,train
4.0621166,0.1344197,0.36220354,1.17717,1.26202,-0.14614706,1,vibration-1,train
4.0630665,0.12879005,0.27835888,1.1967063,1.30516,-1.0595254,1,vibration-1,train
4.126809,0.09213657,-0.08777903,1.1963463,1.30516,-1.0709417,1,vibration-1,train
4.0475297,0.103369065,-0.23092161,1.2164388,1.30516,-1.100519,1,vibration-1,train
4.043769,0.11602913,-0.33310935,1.1825525,1.28952,-0.6556532,1,vibration-1,train
4.0085187,0.10491492,0.11109484,1.2134887,1.29982,-1.091751,1,vibration-1,train
4.0350914,0.09179188,0.05917597,1.2011075,1.29982,-0.8625437,1,vibration-1,train
4.0197334,0.086502545,0.036569517,1.2441025,1.3316,-0.5281767,1,vibration-1,train
4.019463,0.08034539,-0.089870326,1.2218963,1.3316,-1.2305909,1,vibration-1,train
4.010191,0.0863896,0.18070258,1.23296,1.3316,-1.2529286,1,vibration-1,train
4.0537415,0.09682578,0.30783436,1.2010425,1.3316,-0.678521,1,vibration-1,train
4.00674,0.14205539,-0.2459521,1.197535,1.29496,-0.43199408,1,vibration-1,train
4.023827,0.15774009,-0.31690598,1.1745574,1.24176,-1.1680106,1,vibration-1,train
4.017335,0.16270512,0.45493692,1.2005513,1.31346,-0.9244009,1,vibration-1,train
4.0109963,0.184919,-0.5471603,1.2043188,1.31346,-1.0865505,1,vibration-1,train
4.0138555,0.1756922,-0.14715725,1.2036338,1.31346,-0.97538877,1,vibration-1,train
3.9386928,0.16839023,0.16130419,1.209925,1.27978,-1.3125554,1,vibration-1,train
3.9887793,0.1278479,-0.39207628,1.20884,1.27978,-0.752784,1,vibration-1,train
4.006201,0.14163387,0.32092306,1.2190588,1.27978,-0.68118805,1,vibration-1,train
4.008211,0.10459192,-0.055541612,1.20928,1.27978,1.5319637,1,vibration-1,train
4.048031,0.11336048,0.05168758,1.2001787,1.2577,0.7329973,1,vibration-1,train
4.0221477,0.090928875,0.28665775,1.23564,1.351,-0.6542904,1,vibration-1,train
4.024995,0.11037419,-0.3347129,1.26881,1.351,-0.9451751,1,vibration-1,train
4.2587543,0.45769885,2.1103215,1.2612888,1.351,-1.2802889,1,vibration-1,train
4.554216,0.5367455,2.979574,1.2252375,1.32408,-0.9410015,1,vibration-1,train
4.902522,0.3487771,1.2612537,1.2068838,1.24918,-1.0627546,1,vibration-1,train
4.966105,0.18760099,0.17027032,1.21417,1.24918,-1.427579,1,vibration-1,train
4.8102245,0.36435276,-1.858876,1.2238213,1.24918,-0.27126205,1,vibration-1,train
4.478982,0.4401098,-2.5656803,1.262185,1.37286,-1.0581692,1,vibration-1,train
4.1563163,0.36432594,-1.8696624,1.24942,1.37286,-0.8514166,1,vibration-1,train
4.04748,0.14741549,0.46394902,1.253255,1.37286,-0.9955751,1,vibration-1,train
4.043597,0.16182011,0.27723727,1.226065,1.33568,0.048346374,1,vibration-1,train
4.0619073,0.14667283,-0.69990337,1.2097713,1.2793,-1.2124488,1,vibration-1,train
3.978711,0.11609868,-0.4315645,1.1761212,1.26432,-0.8541534,1,vibration-1,train
3.9645872,0.064879015,0.11472871,1.1605637,1.23692,-0.58370984,1,vibration-1,train
3.96658,0.07413583,0.15200129,1.1765687,1.2829,-0.8874456,1,vibration-1,train
3.988931,0.11378854,0.23762903,1.17268,1.23692,-1.1695547,1,vibration-2,train
3.9760156,0.13493277,-0.5033545,1.2151537,1.26422,-1.1092544,1,vibration-2,train
3.9287934,0.121528484,-0.31070855,1.2273562,1.26686,-0.25035864,1,vibration-2,train
3.9303148,0.13085502,0.14716597,1.2300175,1.26686,-0.6240384,1,vibration-2,train
3.9239516,0.11780738,0.18630628,1.2306962,1.2816,-0.77883965,1,vibration-2,train
3.9457982,0.1152631,0.015150968,1.2389088,1.30306,-1.1828985,1,vibration-2,train
3.9773335,0.118780345,0.37707388,1.2255526,1.30306,-0.8952162,1,vibration-2,train
4.022651,0.09892969,0.17246225,1.23256,1.30306,-0.85453755,1,vibration-2,train
4.0741224,0.09644555,0.19767243,1.2163563,1.29116,-0.888706,1,vibration-2,train
4.0878572,0.09109749,0.0749371,1.250425,1.29116,-1.1035904,1,vibration-2,train
4.0830755,0.10451305,-0.23707016,1.2194612,1.28686,-1.2773371,1,vibration-2,train
4.0489187,0.084299326,-0.05191161,1.2005037,1.28686,-1.5909044,1,vibration-2,train
4.0204735,0.07633919,-0.01761629,1.1609775,1.27212,0.058686394,1,vibration-2,train
3.9489238,0.12537944,-0.6888856,1.2065587,1.34916,-1.3755065,1,vibration-2,train
3.9626865,0.15283667,0.117474675,1.252335,1.34916,-0.8234264,1,vibration-2,train
3.956551,0.15008835,0.5030129,1.26246,1.34916,-0.8081276,1,vibration-2,train
4.0422735,0.11420154,0.2013687,1.24123,1.32738,-1.1341251,1,vibration-2,train
3.9855444,0.1303469,-0.2992345,1.1956675,1.30044,-1.2218682,1,vibration-2,train
3.9901392,0.14341396,-0.23129323,1.1906375,1.30044,-1.0000483,1,vibration-2,train
3.9597833,0.13370098,0.16189404,1.1886988,1.2843,-0.9658339,1,vibration-2,train
3.9532554,0.1186742,-0.49089676,1.1688062,1.25764,-0.37891102,1,vibration-2,train
3.9681878,0.12616846,0.3384421,1.152615,1.25764,-0.5393659,1,vibration-2,train
4.0080914,0.1332622,0.61164194,1.1117475,1.16732,-0.79645365,1,vibration-2,train
4.0144277,0.1475332,-0.4504113,1.1349612,1.27194,-0.47113276,1,vibration-2,train
4.050865,0.1795162,0.25026146,1.1746887,1.28968,-1.1380302,1,vibration-2,train
4.0664315,0.18954769,0.8885579,1.2252725,1.28968,-0.87712604,1,vibration-2,train
4.1114697,0.13717614,-0.3778708,1.2178688,1.28968,-1.1492449,1,vibration-2,train
4.009782,0.14499328,-0.7623958,1.200575,1.2864,-0.30536613,1,vibration-2,train
3.9609916,0.11240932,-0.22323726,1.1918262,1.245,-0.54272115,1,vibration-2,train
3.938254,0.08002156,0.25536677,1.1830113,1.245,-0.8353559,1,vibration-2,train
3.9624865,0.08480521,-0.035783228,1.1855825,1.24744,-1.299051,1,vibration-2,train
3.9762917,0.119288355,0.18961112,1.182435,1.24744,-1.2164251,1,vibration-2,train
4.032061,0.15666205,0.5232784,1.1826,1.24744,-1.2739943,1,vibration-2,train
4.0868235,0.16586414,0.20387758,1.1716212,1.24744,-0.86479926,1,vibration-2,train
4.075228,0.16241132,-0.23131113,1.1253475,1.18554,-1.103793,1,vibration-2,train
4.0021396,0.1983918,-0.8660569,1.1245975,1.2147,-1.06651,1,vibration-2,train
3.9073253,0.13852835,-0.3120571,1.1379275,1.23232,-1.5115949,1,vibration-2,train
3.8790052,0.11884208,0.33960676,1.1834313,1.26276,-0.75247616,1,vibration-2,train
3.8916452,0.09363242,-0.12304307,1.1931312,1.26276,-0.87995267,1,vibration-2,train
3.9526083,0.12541693,0.2207042,1.2001163,1.27338,-1.0058783,1,vibration-2,train
3.9446251,0.12425278,0.14183323,1.194635,1.27338,-0.46936733,1,vibration-2,train
4.017069,0.13015036,0.3329463,1.1966387,1.27338,1.3296887,1,vibration-2,train
3.9946709,0.11997057,0.0638221,1.191735,1.26506,0.84249955,1,vibration-2,train
3.9796846,0.13158181,-0.5332558,1.19612,1.26506,-0.78883827,1,vibration-2,train
3.9099593,0.10795838,-0.42412016,1.23845,1.36126,-0.9242829,1,vibration-2,train
3.911475,0.10970034,0.18148355,1.2096775,1.36126,-0.7579971,1,vibration-2,train
3.9638872,0.13888675,0.36072484,1.1981362,1.36126,-0.9045466,1,vibration-2,train
4.0231624,0.116924584,0.07095435,1.1695087,1.3212,-0.12511875,1,vibration-2,train
4.070361,0.1459406,0.4151608,1.1828313,1.24054,4.4286814,1,vibration-2,train
4.0758233,0.13142489,0.046709515,1.231495,1.34896,-0.3167168,1,vibration-2,train
4.0187097,0.19330944,-0.5726419,1.2457112,1.34896,-1.135559,1,vibration-2,train
3.9839761,0.16965082,-0.34664515,1.2182612,1.34896,-0.916044,1,vibration-2,train
3.9635,0.14035499,0.27122128,1.1601063,1.34896,-0.9640075,1,vibration-2,train
4.032673,0.07556914,0.119687416,1.10219,1.18328,-0.6421197,1,vibration-2,train
4.0442085,0.05816368,0.2056142,1.1367325,1.32798,-0.15172026,1,vibration-2,train
4.027376,0.08926684,-0.4336297,1.1920274,1.32798,-1.3308363,1,vibration-2,train
3.977542,0.10283401,-0.35866016,1.2305237,1.32798,1.3421179,1,vibration-2,train
3.9055045,0.10322197,-0.3058084,1.24859,1.32798,-0.94121283,1,vibration-2,train
3.9271774,0.12946446,0.3616921,1.2422338,1.28904,-1.4826849,1,vibration-2,train
3.938824,0.123526834,0.25830677,1.2102925,1.28904,-0.3171143,1,vibration-2,train
3.99938,0.12044892,0.051538065,1.198125,1.28904,-0.9446055,1,vibration-2,train
4.004525,0.10951332,0.35008645,1.1723,1.25184,-0.6413093,1,vibration-2,train
4.014595,0.10116316,-0.04846742,1.1869925,1.248,0.17873761,1,vibration-2,train
4.0333962,0.096576825,-0.002358871,1.1827025,1.248,-0.9472631,1,vibration-2,train
4.0021834,0.10007268,0.11716839,1.1885037,1.248,-1.3146219,1,vibration-2,train
4.0413136,0.094134115,0.068598874,1.17768,1.24484,-0.8516718,1,vibration-2,train
4.0400715,0.08493629,0.04144645,1.1881387,1.24484,-0.6739012,1,vibration-2,train
4.063642,0.05956803,-0.013893387,1.19328,1.24484,-0.05602694,1,vibration-2,train
4.0690227,0.095632456,0.20143984,1.1959938,1.22974,-0.39000672,1,vibration-2,train
4.0513954,0.10532762,-0.11741952,1.2114937,1.2634,-0.09399292,1,vibration-2,train
4.0135503,0.12269262,-0.29712775,1.202445,1.2634,0.2709494,1,vibration-2,train
3.9769478,0.09563502,-0.11892242,1.216045,1.2634,-0.28882727,1,vibration-2,train
3.995558,0.1129387,0.11325532,1.2402263,1.32922,-0.7736533,1,vibration-2,train
4.1374593,0.31126875,1.4799963,1.2406262,1.32922,-0.98297834,1,vibration-2,train
4.4753594,0.46018597,2.728682,1.2381488,1.32922,-0.9355859,1,vibration-2,train
4.7665086,0.3750374,1.7240351,1.201295,1.32856,1.4369539,1,vibration-2,train
4.973437,0.11564753,-0.16903451,1.1716075,1.23598,-0.8305479,1,vibration-2,train
4.699994,0.4542901,-2.5026422,1.1465975,1.18372,-1.2875485,1,vibration-2,train
4.4090185,0.4703711,-2.6094518,1.176035,1.30046,-1.0524405,1,vibration-2,train
4.0901318,0.262389,-0.8197732,1.2061312,1.30102,-1.1320598,1,vibration-2,train
3.9866858,0.12749846,-0.38124144,1.2265563,1.30102,0.9352341,1,vibration-2,train
4.0448756,0.19494694,0.50256336,1.2293663,1.30102,1.7480712,1,vibration-2,train
4.017375,0.20209438,-0.104045324,1.2349937,1.3139,0.81448996,1,vibration-2,train
4.0483265,0.1891022,-0.28964904,1.2048312,1.3139,-0.8807447,1,vibration-2,train
3.9711943,0.11292397,0.58926773,1.0935338,1.2575,-1.0634685,1,vibration-3,train
4.044746,0.12147898,0.65233064,1.11546,1.2575,-1.4187578,1,vibration-3,train
4.065546,0.12027584,-0.17795855,1.1948237,1.28148,0.90327686,1,vibration-3,train
4.090078,0.121298246,0.046652418,1.2145888,1.28148,-0.8246124,1,vibration-3,train
4.038776,0.1563623,-0.23436387,1.1873575,1.28148,-0.71464306,1,vibration-3,train
4.031026,0.13941869,-0.42639726,1.1660175,1.2475,-0.806552,1,vibration-3,train
4.0387793,0.15030636,0.52362293,1.1682925,1.25008,-1.0817307,1,vibration-3,train
4.108473,0.1676836,0.69734806,1.1723325,1.25008,-1.0960877,1,vibration-3,train
4.1773863,0.14506088,0.26096275,1.16799,1.25008,-1.0295343,1,vibration-3,train
4.1443653,0.15436773,-0.28410676,1.160915,1.221,-1.0592147,1,vibration-3,train
4.0681524,0.14447258,-0.80872935,1.18539,1.26096,-1.1406873,1,vibration-3,train
4.077841,0.16398494,0.5191732,1.2202437,1.29776,-1.0479604,1,vibration-3,train
4.0823083,0.16710846,0.32228518,1.2502862,1.29776,-0.31522873,1,vibration-3,train
4.126402,0.143858,-0.25275338,1.2348075,1.29776,-0.43718082,1,vibration-3,train
4.038781,0.13709757,-0.4165708,1.231015,1.29776,-0.29123974,1,vibration-3,train
3.9772768,0.1403693,-0.41537613,1.24486,1.33702,-0.8108029,1,vibration-3,train
3.9538019,0.12790869,-0.13923338,1.23511,1.33702,-1.0830495,1,vibration-3,train
3.9807336,0.12188436,0.21413516,1.2349075,1.33702,-1.1608032,1,vibration-3,train
4.029566,0.11456501,0.2104892,1.1838113,1.26678,-0.6898324,1,vibration-3,train
4.113543,0.14277177,0.5847813,1.2091675,1.29704,-0.96292937,1,vibration-3,train
4.1490846,0.112648904,0.2518945,1.22649,1.30194,-0.9947147,1,vibration-3,train
4.1836057,0.080975614,-0.2244237,1.2527262,1.30194,0.2341042,1,vibration-3,train
4.1097846,0.08968191,-0.26404405,1.2400763,1.30194,-0.7264765,1,vibration-3,train
4.0926633,0.100246176,-0.2942105,1.2254387,1.28478,-0.9641928,1,vibration-3,train
4.029049,0.108516484,-0.2601382,1.2329613,1.29884,-0.8464989,1,vibration-3,train
3.990091,0.105642796,-0.3036179,1.2169925,1.29884,-0.98534656,1,vibration-3,train
3.9284315,0.106404535,-0.40477258,1.2056363,1.29884,-1.1265451,1,vibration-3,train
3.918449,0.13776155,0.19062339,1.1790375,1.25728,-1.2768553,1,vibration-3,train
3.9487226,0.15110368,0.3785332,1.2008712,1.26388,-1.3931731,1,vibration-3,train
4.0061293,0.15404367,0.52471113,1.227725,1.30132,-1.2580189,1,vibration-3,train
3.9766865,0.15451458,-0.4791992,1.23916,1.30132,-0.030681288,1,vibration-3,train
3.9221709,0.150039,-0.26938596,1.2417012,1.30132,-0.5483699,1,vibration-3,train
3.8744516,0.13556555,0.077994674,1.2139237,1.2708,-0.43209943,1,vibration-3,train
3.9763606,0.17583919,0.7220342,1.1998887,1.26256,-1.1192362,1,vibration-3,train
4.0122294,0.16447443,0.22421129,1.2147325,1.27994,-1.1344948,1,vibration-3,train
3.9994762,0.15960288,-0.49708548,1.2221862,1.28676,-0.84037197,1,vibration-3,train
3.9589915,0.11459061,0.004176774,1.1915175,1.28676,-1.0581204,1,vibration-3,train
4.0246534,0.16914089,0.8121847,1.169635,1.28676,-0.94597673,1,vibration-3,train
4.0736456,0.15725923,0.033564676,1.1602137,1.24918,-0.7887164,1,vibration-3,train
4.0786686,0.15774992,-0.31715274,1.2070162,1.24918,-0.028075594,1,vibration-3,train
3.9915626,0.15446226,-0.62542063,1.2166975,1.24918,0.08006771,1,vibration-3,train
3.9840457,0.12999944,-0.13606548,1.20818,1.25628,-0.015162457,1,vibration-3,train
3.9859264,0.12821954,0.5198792,1.1969513,1.25628,-0.97470385,1,vibration-3,train
4.0231237,0.10143471,0.14753903,1.1898162,1.25628,-1.0137566,1,vibration-3,train
4.0592394,0.096976,0.24625452,1.1957537,1.25628,-0.78210306,1,vibration-3,train
4.0006666,0.1266152,-0.38931724,1.1884263,1.24218,-0.5419475,1,vibration-3,train
3.9603794,0.14986186,-0.69982356,1.1840987,1.24218,-0.59431386,1,vibration-3,train
3.9073477,0.106876224,0.0925379,1.1757963,1.24218,-0.74355555,1,vibration-3,train
3.9628522,0.12530015,0.44187096,1.1645075,1.2057,-0.84480715,1,vibration-3,train
3.9942477,0.090993516,0.14726903,1.1945913,1.28762,0.0057091773,1,vibration-3,train
4.0557566,0.13018617,0.18046355,1.2140875,1.28762,-0.30242077,1,vibration-3,train
4.1948495,0.3429187,1.5099305,1.2361587,1.28762,-0.15375888,1,vibration-3,train
4.5169134,0.45518133,2.5069325,1.21402,1.28136,-0.48311403,1,vibration-3,train
4.7889876,0.40107557,1.9600925,1.2171862,1.28136,-0.6725189,1,vibration-3,train
5.040489,0.149672,0.4604366,1.204375,1.26708,-0.5672769,1,vibration-3,train
5.107683,0.14403833,0.3608424,1.19661,1.26708,-0.061862193,1,vibration-3,train
5.1224627,0.13596965,-0.24920274,1.193425,1.24184,0.96722937,1,vibration-3,train
5.075955,0.19042653,-0.5239602,1.20811,1.27714,-0.81747526,1,vibration-3,train
5.007755,0.15525444,-0.19458388,1.2088263,1.27714,-0.96975094,1,vibration-3,train
5.019476,0.15573305,0.3344613,1.2046425,1.27714,-1.0674323,1,vibration-3,train
5.038335,0.101743676,-0.011142581,1.1844863,1.21462,0.23041584,1,vibration-3,train
5.028251,0.10024213,-0.38895243,1.1733837,1.21462,-1.0460967,1,vibration-3,train
4.839713,0.3291804,-1.5558338,1.1901138,1.29272,-0.5141232,1,vibration-3,train
4.507276,0.47940087,-2.9182506,1.1999588,1.29272,-1.4623466,1,vibration-3,train
4.235691,0.3636004,-1.5579087,1.1926225,1.29272,-1.3518398,1,vibration-3,train
3.9921935,0.13216096,-0.15687193,1.1873325,1.29272,-1.3673557,1,vibration-3,train
4.033574,0.13329746,-0.14817436,1.1518338,1.24316,-0.9325684,1,vibration-3,train
3.9491394,0.11491759,-0.008268871,1.1250925,1.24316,-1.0006689,1,vibration-3,train
3.9826033,0.13046573,-0.18668371,1.1211863,1.24784,-0.99752533,1,vibration-3,train
3.9889283,0.13453771,0.71663374,1.1551788,1.28042,-1.3767143,1,vibration-3,train
4.0185275,0.12566695,0.059970483,1.2374562,1.30068,0.5681945,1,vibration-3,train
3.997804,0.13113011,-0.7417655,1.2372513,1.30068,-0.5264677,1,vibration-3,train
3.919856,0.1049538,-0.38915855,1.21206,1.30068,-1.3063167,1,vibration-3,train
3.8731742,0.09420697,-0.11263887,1.17119,1.30068,0.9744615,1,vibration-3,train
3.98192,0.20393266,0.96616936,1.1460338,1.21642,-0.44596577,1,vibration-3,train
4.048224,0.18774225,0.56514484,1.1499425,1.2028,-0.91122526,1,vibration-3,train
4.0814013,0.1476232,-0.4812871,1.1542512,1.2511,-0.56542677,1,vibration-3,train
4.0530047,0.09387031,0.018064355,1.1743088,1.29364,0.24373868,1,vibration-3,train
4.0480337,0.10135061,0.3101526,1.1931638,1.29364,-0.35227168,1,vibration-3,train
4.0352006,0.11540843,-0.449715,1.2110537,1.29364,0.08063066,1,vibration-3,train
3.9975922,0.10258767,-0.18917371,1.2322638,1.29364,-0.013437476,1,vibration-3,train
3.9472787,0.094942756,0.046395484,1.1960275,1.2761,-1.5020367,1,vibration-3,train
4.0152884,0.1253496,0.34765452,1.1839087,1.2761,-0.88239235,1,vibration-3,train
4.0028973,0.13455059,0.20339225,1.1627737,1.21338,-0.7408031,1,vibration-3,train
4.0274525,0.06951666,0.2302471,1.189615,1.29236,-0.5222831,1,vibration-4,val
4.033908,0.06456647,-0.08912274,1.1721975,1.26938,-0.090237804,1,vibration-4,val
4.0334215,0.08780628,-0.023244677,1.1914363,1.25092,-1.0303394,1,vibration-4,val
4.0589213,0.10224788,0.4167571,1.208685,1.25674,-1.5690112,1,vibration-4,val
4.0674047,0.09972717,-0.04044774,1.19928,1.25674,-1.1584648,1,vibration-4,val
3.9955232,0.15979211,-0.95503986,1.1866738,1.29922,-1.0841782,1,vibration-4,val
3.9570715,0.1339644,-0.115698874,1.1995788,1.32354,-1.4520702,1,vibration-4,val
3.9560046,0.13092044,0.49416292,1.22545,1.32354,-1.140136,1,vibration-4,val
4.0141163,0.08571175,-0.006382742,1.25987,1.33138,-0.1046855,1,vibration-4,val
3.977362,0.09429508,-0.4556008,1.2092987,1.33138,-1.0688506,1,vibration-4,val
3.9419053,0.08770151,-0.20208871,1.1955287,1.33138,-0.9165548,1,vibration-4,val
3.8802392,0.11817946,-0.32364872,1.1293225,1.22542,-0.8026021,1,vibration-4,val
3.9061053,0.14060345,0.07368581,1.155455,1.2659,-0.89751226,1,vibration-4,val
3.9847736,0.20968874,0.8078782,1.170965,1.2659,-1.1861367,1,vibration-4,val
4.027877,0.18003869,0.18843193,1.2065363,1.26634,-0.2136808,1,vibration-4,val
4.092364,0.15695947,-0.17384225,1.2000812,1.26634,-0.87581766,1,vibration-4,val
4.068312,0.11613758,0.28370854,1.173375,1.26634,0.023872526,1,vibration-4,val
4.1002293,0.08295118,-0.23171274,1.1600013,1.26634,0.13128442,1,vibration-4,val
4.0756354,0.06873812,-0.036765967,1.134805,1.19796,-0.6968099,1,vibration-4,val
4.0482225,0.10592739,-0.15763065,1.142485,1.19796,-1.2173945,1,vibration-4,val
4.0919886,0.13772573,0.33875275,1.1400387,1.19796,-1.3006979,1,vibration-4,val
4.1268554,0.1482177,0.23659645,1.1613188,1.2264,-0.20945789,1,vibration-4,val
4.0892735,0.16880764,-0.5528724,1.1564238,1.2264,-0.79715306,1,vibration-4,val
4.0623927,0.16115676,-0.43112323,1.1698925,1.26306,-0.20521283,1,vibration-4,val
3.9686246,0.11904107,0.0140380645,1.1489937,1.26306,-0.1679944,1,vibration-4,val
3.998895,0.115424514,-0.31969452,1.1371025,1.26306,0.7518112,1,vibration-4,val
3.9755774,0.12191016,0.22930644,1.155975,1.2651,-1.063981,1,vibration-4,val
3.9875736,0.12236919,-0.1185271,1.1922175,1.28384,-1.3388306,1,vibration-4,val
3.9442148,0.1439457,-0.5185524,1.2336262,1.28384,-0.0976856,1,vibration-4,val
3.9273782,0.11486454,0.18341516,1.2180612,1.28384,-1.0177195,1,vibration-4,val
3.9527717,0.122954704,0.53147805,1.18454,1.25866,-0.9092164,1,vibration-4,val
3.9989498,0.09881782,-0.22224,1.1779525,1.29842,0.0705462,1,vibration-4,val
3.993549,0.10055736,-0.19788775,1.1729612,1.29842,-0.9293481,1,vibration-4,val
3.9620569,0.09901543,-0.118101776,1.183275,1.29842,-1.245236,1,vibration-4,val
3.9416645,0.124253206,-0.18472016,1.1793512,1.26364,-1.1200238,1,vibration-4,val
4.013197,0.19491567,0.5490837,1.165635,1.23096,-0.9888369,1,vibration-4,val
4.371595,0.5099314,2.85633,1.1766437,1.23312,-1.2339265,1,vibration-4,val
4.6677747,0.43351978,2.0732071,1.18919,1.30698,-0.42654496,1,vibration-4,val
4.88936,0.17786881,-0.6221134,1.21762,1.3493,-0.7260174,1,vibration-4,val
4.8626914,0.1400222,0.047199193,1.206365,1.3493,-0.72458786,1,vibration-4,val
4.8524957,0.1643597,0.27858,1.2331625,1.3493,-1.3661503,1,vibration-4,val
4.7376876,0.3333998,-1.5103239,1.1716863,1.34422,-0.9802346,1,vibration-4,val
4.416807,0.47155404,-2.9396303,1.17734,1.34422,-1.2483362,1,vibration-4,val
4.1188183,0.3272919,-1.4385043,1.1657925,1.31968,-1.2183399,1,vibration-4,val
3.9736044,0.12190126,0.5148024,1.1770562,1.30938,0.36597362,1,vibration-4,val
4.012791,0.11324386,0.13705596,1.198725,1.30938,0.32952818,1,vibration-4,val
3.997198,0.1298726,-0.20630226,1.2016063,1.30016,-0.19658844,1,vibration-4,val
4.0251083,0.12498967,0.40867162,1.2220788,1.30016,-0.48190266,1,vibration-4,val
4.0313773,0.14272325,0.30643985,1.2285376,1.30016,-0.2076406,1,vibration-4,val
4.0902214,0.11982669,-0.30961937,1.2192588,1.2565,-0.8766004,1,vibration-4,val
4.097256,0.12989126,0.13041387,1.1955713,1.24056,0.46170297,1,vibration-4,val
4.127686,0.11078214,0.11236355,1.17715,1.24056,-1.2016673,1,vibration-4,val
4.139745,0.08432211,-0.17900178,1.1450913,1.21892,-1.123759,1,vibration-4,val
4.0750127,0.12817974,-0.7328274,1.1652825,1.29266,-0.48181793,1,vibration-4,val
3.9675367,0.14630686,-0.70066404,1.1925763,1.29266,-0.9285818,1,vibration-4,val
3.9104187,0.116817795,0.0035453227,1.2329862,1.3441,-0.6778619,1,vibration-4,val
3.8788974,0.10842796,0.17873806,1.223655,1.3441,-0.5019595,1,vibration-4,val
3.9131625,0.1045716,-0.0127345165,1.2144825,1.3441,-0.6139443,1,vibration-4,val
3.9662857,0.1329961,0.64584434,1.1999037,1.2503,-1.5055571,1,vibration-4,val
4.0494905,0.14358224,0.75355595,1.22184,1.27204,-0.8880161,1,vibration-4,val
4.098169,0.105918005,-0.15280838,1.2475024,1.27204,0.4694693,1,vibration-4,val
4.0820208,0.124285616,-0.14600806,1.2268325,1.27204,-0.82310146,1,vibration-4,val
4.0769367,0.110400416,0.10511371,1.2025638,1.26572,-1.3325425,1,vibration-4,val
4.0937076,0.112332664,0.39582,1.1901462,1.26454,0.28366163,1,vibration-4,val
4.0676775,0.18913814,-0.62463194,1.1838437,1.23988,-0.43953928,1,vibration-4,val
3.992584,0.21170262,-0.7208724,1.198215,1.25668,-1.3118546,1,vibration-4,val
3.9214883,0.1850835,-0.27102,1.2569726,1.43172,-1.130345,1,vibration-4,val
3.948651,0.1751446,0.7232748,1.2619063,1.43172,-1.0217934,1,vibration-4,val
3.965867,0.15247995,-0.06687629,1.2545263,1.43172,-1.0861162,1,vibration-4,val
4.017341,0.1591783,0.14086597,1.1964475,1.35926,3.9185588,1,vibration-4,val
3.971829,0.14038801,-0.18059081,1.1911275,1.29178,0.14060977,1,vibration-4,val
4.013808,0.1245406,-0.01188,1.1806338,1.29178,-0.77875125,1,vibration-4,val
4.011277,0.12715557,0.40544856,1.1930525,1.33586,-0.8265888,1,vibration-4,val
4.0751343,0.12619428,0.28578725,1.221935,1.33586,-0.9559886,1,vibration-4,val
4.083785,0.10890603,-0.014171612,1.2176425,1.33586,-0.70153654,1,vibration-4,val
4.094076,0.09388527,-0.13672596,1.239335,1.33586,-0.989852,1,vibration-4,val
4.0305533,0.13504636,-0.36622065,1.1987063,1.27474,-1.0190711,1,vibration-4,val
4.0236692,0.16586185,-0.054584034,1.1829888,1.27474,-0.95170355,1,vibration-4,val
3.9954786,0.16443573,-0.00011467742,1.1917337,1.29234,-0.9866722,1,vibration-4,val
4.02886,0.12814097,-0.29361144,1.1875412,1.29234,-0.652576,1,vibration-4,val
3.9819102,0.06941773,-0.07599774,1.1996212,1.29234,-0.17641954,1,vibration-4,val
3.9849677,0.07402857,-0.045088064,1.1714412,1.2354,0.14597288,1,vibration-4,val
3.9650736,0.120295905,-0.04616903,1.17237,1.26118,0.041462313,1,vibration-4,val
3.9330504,0.14447092,-0.31832758,1.1923525,1.28688,-0.8800378,1,vibration-4,val
3.9890962,0.11300743,0.18639629,1.1714875,1.24442,-0.68196857,1,vibration-5,test
4.001545,0.102242075,-0.028789839,1.1458763,1.21068,-1.3250118,1,vibration-5,test
3.9927928,0.08612515,-0.2314113,1.162235,1.2212,-1.1902816,1,vibration-5,test
3.9789846,0.09233988,-0.09178887,1.1764175,1.26846,-1.2520977,1,vibration-5,test
3.98398,0.10805195,0.18877257,1.2085663,1.32444,-0.37693745,1,vibration-5,test
3.994571,0.12944596,0.06459,1.2309887,1.32742,-0.14324784,1,vibration-5,test
3.992109,0.14058188,0.0071941935,1.22181,1.32742,-0.29412875,1,vibration-5,test
4.00231,0.12986751,0.16444355,1.2067025,1.32742,-0.1445756,1,vibration-5,test
4.0425453,0.11484619,0.056619678,1.199685,1.26092,0.634569,1,vibration-5,test
4.046555,0.113745,-0.044414517,1.2285475,1.33196,0.45879483,1,vibration-5,test
3.9930704,0.15405136,-0.6078227,1.2527875,1.33196,-0.5074071,1,vibration-5,test
3.998898,0.15988402,0.15894145,1.2420337,1.33196,-0.6697624,1,vibration-5,test
4.0034213,0.15958549,0.7093635,1.2211863,1.33196,-0.87077767,1,vibration-5,test
4.0471053,0.105223164,-0.356685,1.1910613,1.23802,-1.0936571,1,vibration-5,test
4.0606956,0.14078458,0.12278129,1.1694587,1.23802,-1.2437091,1,vibration-5,test
3.9890554,0.1843042,-0.2409029,1.1714562,1.27142,-0.7700955,1,vibration-5,test
3.9980612,0.18404895,-0.29657516,1.1970176,1.29314,-1.6465325,1,vibration-5,test
3.9487302,0.15671441,-0.0957692,1.2284987,1.30004,-1.4172925,1,vibration-5,test
3.9633265,0.11203051,0.093254514,1.2348312,1.30004,-1.2841672,1,vibration-5,test
3.9658651,0.109551184,0.19967371,1.2352213,1.31176,-1.253582,1,vibration-5,test
4.0024233,0.11070281,0.21841307,1.2517,1.31176,-0.8001206,1,vibration-5,test
3.994787,0.088979796,-0.19505225,1.2654288,1.31176,-0.44008034,1,vibration-5,test
4.02155,0.10157413,0.07287387,1.22335,1.31124,-0.9311678,1,vibration-5,test
4.0535045,0.11505246,0.5947152,1.2039512,1.27598,-0.31482938,1,vibration-5,test
4.0590715,0.10708194,-0.172965,1.1931525,1.26024,-0.05248407,1,vibration-5,test
3.9910347,0.14418094,-0.78024966,1.2153963,1.26024,-0.3726827,1,vibration-5,test
3.9441497,0.13428518,0.15607403,1.2109725,1.272,-0.5089597,1,vibration-5,test
3.950073,0.1433669,0.5258313,1.2092887,1.272,-0.6491337,1,vibration-5,test
4.047612,0.157533,0.6167139,1.1731175,1.272,-0.94004685,1,vibration-5,test
4.0764084,0.20215969,-0.107853875,1.1810863,1.2638,-1.0799804,1,vibration-5,test
4.0692534,0.22091246,-0.65141225,1.17524,1.2638,-1.3933699,1,vibration-5,test
4.03573,0.2165489,-0.18692951,1.23547,1.36662,-0.14406958,1,vibration-5,test
4.0042534,0.13200496,0.26632017,1.2306525,1.36662,0.095316246,1,vibration-5,test
3.9938297,0.10373135,-0.101492904,1.227605,1.36662,-0.09765032,1,vibration-5,test
3.9236453,0.116257295,-0.54196984,1.2183588,1.29952,-0.88372505,1,vibration-5,test
3.914036,0.10623447,0.04786113,1.21053,1.29952,-1.2122458,1,vibration-5,test
3.91496,0.110388406,0.3948237,1.2312975,1.35636,-0.9275541,1,vibration-5,test
3.9836,0.08597007,0.11122935,1.2184075,1.35636,-0.052505355,1,vibration-5,test
4.0477514,0.12251964,0.455985,1.2294812,1.35636,0.9885359,1,vibration-5,test
4.06528,0.12571932,-0.016722096,1.208695,1.24706,-0.5717221,1,vibration-5,test
4.0521665,0.12935588,-0.37076372,1.2169063,1.24706,-1.3962555,1,vibration-5,test
4.0815444,0.13868488,0.33773324,1.2235725,1.2989,-0.5118717,1,vibration-5,test
4.0431943,0.14450465,-0.18219532,1.2314488,1.2989,-0.96845025,1,vibration-5,test
4.081318,0.1453809,-0.25878823,1.2441425,1.2989,-1.1790218,1,vibration-5,test
4.046623,0.13406642,0.15540968,1.2126738,1.29616,-0.9287758,1,vibration-5,test
4.0758533,0.10994994,0.011407742,1.2190613,1.29616,-1.2713923,1,vibration-5,test
4.2848697,0.41191176,1.8748717,1.2049375,1.26614,-1.0848203,1,vibration-5,test
4.6125026,0.5185199,3.0985496,1.2007488,1.26614,-0.6706671,1,vibration-5,test
4.943995,0.38597664,1.6297442,1.1934463,1.2608,-0.49393603,1,vibration-5,test
5.067144,0.1376436,-0.4330137,1.1991363,1.27546,-0.83119583,1,vibration-5,test
4.9565477,0.23862016,-1.249921,1.193585,1.29382,-1.0656937,1,vibration-5,test
4.905099,0.22387975,-0.20519516,1.1900924,1.29382,-0.9730085,1,vibration-5,test
4.6132393,0.43173292,-1.8757268,1.19293,1.29382,-1.0659716,1,vibration-5,test
4.3767953,0.46912143,-2.5732403,1.1906575,1.2934,-0.73870486,1,vibration-5,test
4.0772514,0.20944187,-0.59912664,1.2153738,1.2934,-1.3086562,1,vibration-5,test
4.0428705,0.11800262,-0.123840965,1.22222,1.29368,-0.95621437,1,vibration-5,test
4.025532,0.09705275,-0.1269208,1.2343062,1.32898,0.26020253,1,vibration-5,test
4.015253,0.08063162,-0.07072742,1.272355,1.37324,-0.68744534,1,vibration-5,test
4.0330334,0.10741695,0.33822918,1.2886475,1.37324,-1.2947315,1,vibration-5,test
4.0110917,0.110756375,-0.10460952,1.2869413,1.37324,-0.16873993,1,vibration-5,test
4.0315866,0.124642655,0.016260969,1.2419412,1.37254,-1.0243013,1,vibration-5,test
4.0494304,0.1246138,0.37250516,1.2049012,1.2882,-1.504505,1,vibration-5,test
3.9887123,0.17797466,-0.6512952,1.1869212,1.2882,-0.604333,1,vibration-5,test
3.976029,0.17049591,-0.55307513,1.1951712,1.2882,0.0030943386,1,vibration-5,test
3.9176342,0.121673025,0.28749242,1.19043,1.29792,1.9926744,1,vibration-5,test
3.989789,0.08125088,0.06440855,1.212295,1.29858,-0.77291256,1,vibration-5,test
4.017825,0.08369401,0.25424275,1.19387,1.29858,-0.8876297,1,vibration-5,test
4.061981,0.08684477,0.16560677,1.19049,1.29858,-1.3251971,1,vibration-5,test
4.046009,0.09327832,-0.07499661,1.1976763,1.31672,-1.3914075,1,vibration-5,test
4.0097337,0.13730262,-0.54075825,1.2126688,1.31672,-1.5129048,1,vibration-5,test
4.011429,0.14706849,-0.028778225,1.2099912,1.31672,-1.5160449,1,vibration-5,test
4.0081434,0.15910313,0.049000163,1.18089,1.31672,0.84270793,1,vibration-5,test
3.99568,0.14754428,-0.40111452,1.15356,1.2377,0.7172467,1,vibration-5,test
3.9961555,0.16391696,0.26215306,1.1886363,1.31614,-0.28161782,1,vibration-5,test
3.957058,0.16259128,0.21893178,1.214915,1.31614,-1.132579,1,vibration-5,test
3.9553561,0.1519208,-0.2463237,1.2129012,1.31614,-0.7207981,1,vibration-5,test
3.9473128,0.10636435,0.23669419,1.176755,1.31614,-1.2603062,1,vibration-5,test
3.945495,0.09742117,-0.006877258,1.1691988,1.29944,-1.227198,1,vibration-5,test
3.9774232,0.092351936,-0.07899387,1.1814725,1.29944,-1.2320459,1,vibration-5,test
4.015955,0.12372605,0.43769032,1.2250363,1.29944,-0.33548415,1,vibration-5,test
4.023496,0.10536856,-0.011235,1.203025,1.28234,-0.73738325,1,vibration-5,test
4.106111,0.14114483,0.2621134,1.1786188,1.25494,-0.7386049,1,vibration-5,test
4.081621,0.17179404,0.15274887,1.202385,1.3414,-0.82289255,1,vibration-5,test
4.1070304,0.16394608,-0.34803388,1.2383676,1.3414,-1.5550605,1,vibration-5,test
7.5280576,0.74629945,4.94647,1.21635,1.29758,0.57882947,2,combined-1,train
8.338545,0.66825694,4.3964615,1.2108275,1.26522,-0.17119068,2,combined-1,train
9.066428,0.6771657,4.4636893,1.2094175,1.26522,-0.19496535,2,combined-1,train
9.889823,0.71843946,4.742833,1.2105663,1.26522,-0.7558689,2,combined-1,train
10.593784,0.6592663,4.2996826,1.2255563,1.33222,0.43245864,2,combined-1,train
11.3960495,0.65793806,4.269703,1.2142062,1.33222,-0.5435825,2,combined-1,train
12.158969,0.7813946,5.1375036,1.226985,1.33222,-1.1417285,2,combined-1,train
13.021259,0.78300977,5.197289,1.2069563,1.33222,-1.0950145,2,combined-1,train
13.891605,0.7603504,5.078631,1.194535,1.30422,-0.88418645,2,combined-1,train
14.696681,0.70233566,4.646862,1.1995625,1.29294,-0.7923387,2,combined-1,train
15.508405,0.72070205,4.7210584,1.2064588,1.29294,-0.64347005,2,combined-1,train
16.304893,0.7607537,4.990251,1.21884,1.29294,-0.3329658,2,combined-1,train
17.082743,0.7334232,4.809531,1.19946,1.29294,-0.75781393,2,combined-1,train
17.934122,0.7364671,4.882281,1.1758,1.24378,-0.45565745,2,combined-1,train
18.671131,0.71932787,4.760265,1.1572113,1.24378,0.26969492,2,combined-1,train
19.531034,0.7109394,4.708276,1.1624237,1.2107,-0.74624044,2,combined-1,train
20.248074,0.700795,4.628457,1.1608638,1.2107,-0.29424003,2,combined-1,train
21.07992,0.684436,4.5325747,1.16409,1.2107,-1.202819,2,combined-1,train
21.862625,0.7814585,5.2052813,1.1967175,1.31238,-1.239929,2,combined-1,train
22.680277,0.7019312,4.668519,1.222045,1.31238,-1.3859828,2,combined-1,train
23.468637,0.70682704,4.7030487,1.2379975,1.31238,-1.2774354,2,combined-1,train
24.29991,0.7749343,5.166174,1.197625,1.28236,-0.999636,2,combined-1,train
25.148855,0.7772021,5.186941,1.1699263,1.22204,-0.43227986,2,combined-1,train
26.004871,0.7532674,5.014219,1.16463,1.22204,-0.075389095,2,combined-1,train
26.806568,0.7236445,4.7968364,1.1481237,1.22204,-0.6639715,2,combined-1,train
27.61478,0.73124766,4.8578105,1.1665838,1.26366,-1.0317695,2,combined-1,train
28.421202,0.7074056,4.6911173,1.1747975,1.26366,-1.3582921,2,combined-1,train
29.228216,0.7066022,4.7050905,1.2388475,1.36516,-0.8039083,2,combined-1,train
29.997858,0.6892131,4.5840673,1.2050413,1.36516,-1.1851431,2,combined-1,train
30.776264,0.7028796,4.6789665,1.1886263,1.36516,-1.1832469,2,combined-1,train
31.548077,0.70656407,4.7151,1.1695476,1.26604,-1.4595151,2,combined-1,train
32.32691,0.68491524,4.572222,1.1905588,1.26604,-0.57607013,2,combined-1,train
33.105965,0.7459713,4.9392533,1.2213237,1.26604,-1.1889194,2,combined-1,train
33.91191,0.75771344,5.0102725,1.1874888,1.26374,-1.0560253,2,combined-1,train
34.674,0.6926002,4.5385165,1.1813637,1.24554,-1.3317564,2,combined-1,train
35.45341,0.6746872,4.4283414,1.170665,1.2429,-1.259968,2,combined-1,train
36.227085,0.77276266,5.127524,1.1912425,1.27268,-0.9483443,2,combined-1,train
37.090622,0.8180655,5.43685,1.21784,1.27268,-1.396569,2,combined-1,train
37.96033,0.7480447,4.9816613,1.2357326,1.33188,-0.9056334,2,combined-1,train
38.772133,0.6932022,4.6049943,1.23857,1.33188,-0.022758415,2,combined-1,train
39.56637,0.7096397,4.7187724,1.275185,1.39672,-1.0948366,2,combined-1,train
40.30982,0.70752776,4.6890225,1.2594575,1.39672,-1.1356621,2,combined-1,train
41.16155,0.7500326,4.9636626,1.2688276,1.39672,-1.2248443,2,combined-1,train
41.93459,0.7632299,5.058167,1.2374263,1.33858,0.20982684,2,combined-1,train
42.732994,0.63393784,4.1945148,1.2270875,1.29022,-1.0827831,2,combined-1,train
43.419807,0.64251566,4.2519393,1.2254674,1.29022,-1.1685305,2,combined-1,train
44.19487,0.7437282,4.922415,1.2227575,1.27058,-1.2885344,2,combined-1,train
45.017902,0.81137466,5.416597,1.2074662,1.27058,-1.5110202,2,combined-1,train
45.877773,0.73245424,4.883721,1.2071712,1.27058,-1.3978416,2,combined-1,train
46.749954,0.79736394,5.293035,1.1519938,1.2507,-0.53050154,2,combined-1,train
47.506752,0.6963833,4.54582,1.1358376,1.23036,-0.8699987,2,combined-1,train
48.29803,0.6676589,4.3608108,1.141315,1.28648,-0.6465354,2,combined-1,train
49.020477,0.74444896,4.9634905,1.1688375,1.28648,-0.37107256,2,combined-1,train
49.92342,0.821252,5.427854,1.19127,1.28648,-0.90932435,2,combined-1,train
50.73408,0.747119,4.8843226,1.178515,1.28648,-0.47001588,2,combined-1,train
51.54327,0.6327969,4.1523385,1.1810875,1.27824,-0.5311528,2,combined-1,train
52.346077,0.80715406,5.3576026,1.1997625,1.27824,-0.58047575,2,combined-1,train
53.202995,0.8135127,5.4093876,1.2169013,1.27824,-0.8627678,2,combined-1,train
54.00569,0.65362185,4.2968054,1.193595,1.27012,-1.308026,2,combined-1,train
54.755188,0.67325854,4.44431,1.1562037,1.2611,-0.9173158,2,combined-1,train
55.532215,0.77203983,5.119876,1.1528,1.22824,-1.3942188,2,combined-1,train
56.437546,0.8075499,5.35341,1.1506088,1.22824,-1.4012902,2,combined-1,train
57.52336,1.0431116,6.848471,1.173125,1.22824,-0.9086251,2,combined-1,train
58.63808,1.0622884,7.0076165,1.20068,1.3386,-0.7780824,2,combined-1,train
59.67336,0.7547381,4.9838495,1.210935,1.3386,-0.6718278,2,combined-1,train
60.498203,0.7190346,4.7449894,1.2153825,1.3386,-0.6865325,2,combined-1,train
61.263138,0.7140773,4.728348,1.1844038,1.29558,0.7012637,2,combined-1,train
61.94912,0.6009895,3.692566,1.197305,1.27546,-1.0849113,2,combined-1,train
62.44774,0.36303166,2.0698588,1.22908,1.31148,-0.91201866,2,combined-1,train
62.951885,0.49602354,2.908438,1.266085,1.31148,-1.0007254,2,combined-1,train
63.521664,0.67384124,4.4913573,1.2246337,1.31148,-0.72313625,2,combined-1,train
64.3335,0.7429795,4.948401,1.2016888,1.31148,-1.4516474,2,combined-1,train
65.147964,0.76041836,5.0625467,1.17906,1.3108,-1.1698499,2,combined-1,train
65.94036,0.6954168,4.6197014,1.1956313,1.3108,-0.53891873,2,combined-1,train
66.74608,0.69908994,4.649514,1.2215425,1.3108,-1.025521,2,combined-1,train
67.53723,0.73548746,4.8976483,1.20837,1.26448,-1.0801533,2,combined-1,train
68.3319,0.6828074,4.5456166,1.1888613,1.26448,-1.2280093,2,combined-1,train
69.07941,0.64779717,4.285544,1.1689837,1.2508,-0.65015805,2,combined-1,train
69.854744,0.74029964,4.865497,1.1625475,1.2508,-0.13065875,2,combined-1,train
70.64225,0.72651505,4.7262254,1.1541826,1.20094,0.8201693,2,combined-1,train
71.4369,0.709145,4.643675,1.1721163,1.24922,0.22118892,2,combined-1,train
72.25919,0.7314177,4.8209534,1.2049212,1.34754,-0.73418605,2,combined-1,train
73.08904,0.80320907,5.367038,1.2279513,1.34754,-0.40539876,2,combined-1,train
73.91118,0.70596325,4.706441,1.2590013,1.36578,-0.72299707,2,combined-1,train
7.5251613,0.80029744,5.3127146,1.1435562,1.2194,0.26245576,2,combined-2,train
8.402442,0.79385406,5.2921324,1.1696563,1.27232,-1.1729703,2,combined-2,train
9.26449,0.770266,5.1231513,1.2004112,1.31612,-0.7168987,2,combined-2,train
10.067964,0.65704674,4.3652287,1.210345,1.31612,-1.0121034,2,combined-2,train
10.793292,0.62230647,4.1235914,1.2215025,1.33232,-1.1769187,2,combined-2,train
11.516302,0.66521037,4.3991904,1.196485,1.33232,-0.67792654,2,combined-2,train
12.251801,0.69477236,4.6130133,1.203385,1.33232,-0.35263973,2,combined-2,train
13.109046,0.77387637,5.1079926,1.1715863,1.2853,-0.93109846,2,combined-2,train
13.931579,0.8025994,5.3378553,1.20136,1.3283,-0.9888388,2,combined-2,train
14.795171,0.73886794,4.912475,1.215565,1.3283,-0.89255,2,combined-2,train
15.557627,0.67579645,4.501047,1.23474,1.3283,-1.3309573,2,combined-2,train
16.298851,0.641849,4.2685156,1.1732062,1.32228,-0.44797134,2,combined-2,train
17.051634,0.7037489,4.6815686,1.1368762,1.22562,-1.0888528,2,combined-2,train
17.854979,0.76336676,5.0988836,1.1514587,1.25528,-1.326767,2,combined-2,train
18.67673,0.7168977,4.7972283,1.2026825,1.30176,-0.45802405,2,combined-2,train
19.484123,0.70081973,4.6679573,1.2574012,1.31786,-1.1348627,2,combined-2,train
20.254087,0.70197,4.6177206,1.2593087,1.31786,-0.93767476,2,combined-2,train
21.114223,0.7951409,5.2199316,1.2582974,1.31786,-0.5029354,2,combined-2,train
21.930754,0.8083358,5.3313785,1.2252512,1.31786,-0.14338724,2,combined-2,train
22.747988,0.6228812,4.133544,1.1869438,1.29382,-1.3867513,2,combined-2,train
23.527344,0.7445453,4.934167,1.1599925,1.2861,-0.89610624,2,combined-2,train
24.31609,0.79266465,5.271134,1.15423,1.22458,-1.1471303,2,combined-2,train
25.169712,0.71771556,4.763252,1.19483,1.2807,-0.47684935,2,combined-2,train
25.941786,0.7245117,4.8142715,1.1824725,1.2807,-0.46159917,2,combined-2,train
26.75846,0.73606694,4.901734,1.1886437,1.2807,-0.08011276,2,combined-2,train
27.556065,0.74160963,4.958961,1.1601487,1.25162,-0.72569215,2,combined-2,train
28.34555,0.68101203,4.547356,1.17998,1.27426,-0.81745195,2,combined-2,train
29.138184,0.71647936,4.7567754,1.161695,1.27426,-0.7993299,2,combined-2,train
29.875006,0.6912074,4.569026,1.165105,1.27426,-0.7740628,2,combined-2,train
30.677626,0.7264052,4.8038697,1.1610187,1.301,0.70749503,2,combined-2,train
31.475721,0.7705301,5.146014,1.1779362,1.301,-0.87619454,2,combined-2,train
32.36907,0.794648,5.308504,1.2001863,1.301,-0.74280506,2,combined-2,train
33.15848,0.70306945,4.6556287,1.2123213,1.301,-1.0453979,2,combined-2,train
33.99293,0.72819173,4.814639,1.209135,1.3133,-1.2548705,2,combined-2,train
34.730114,0.721429,4.768755,1.2060113,1.3133,-0.99951214,2,combined-2,train
35.537964,0.660285,4.353638,1.20844,1.3133,-0.74740785,2,combined-2,train
36.306324,0.72275513,4.7823625,1.2179712,1.35006,-0.70805365,2,combined-2,train
37.135307,0.725813,4.80356,1.2326512,1.35006,-0.65817475,2,combined-2,train
37.94842,0.729988,4.8512416,1.218105,1.35006,-0.70658666,2,combined-2,train
38.78909,0.74992055,4.9554353,1.2351475,1.37236,-1.2072594,2,combined-2,train
39.57597,0.7507847,4.9627237,1.2734637,1.37282,-1.229087,2,combined-2,train
40.371418,0.7112794,4.701671,1.2589062,1.37282,-1.419276,2,combined-2,train
41.10872,0.63684547,4.223736,1.2221425,1.37282,-0.7846663,2,combined-2,train
41.866425,0.6851223,4.5357003,1.1816275,1.25434,-0.7474464,2,combined-2,train
42.714104,0.830013,5.495439,1.1981,1.29076,-0.64449716,2,combined-2,train
43.54597,0.7896979,5.209873,1.19849,1.29076,-0.7294284,2,combined-2,train
44.376522,0.6660804,4.394807,1.19262,1.29076,-0.35991842,2,combined-2,train
45.096447,0.70683944,4.701877,1.1917275,1.29076,0.6903483,2,combined-2,train
45.85704,0.67748433,4.509433,1.1726837,1.21186,-0.44690078,2,combined-2,train
46.63955,0.7083886,4.7096143,1.1625012,1.21186,0.09549825,2,combined-2,train
47.436104,0.74460477,4.9559216,1.1864463,1.31292,0.23625396,2,combined-2,train
48.269806,0.7763067,5.1767287,1.2075863,1.31292,-0.9043341,2,combined-2,train
49.088165,0.73129535,4.8877525,1.22348,1.31292,-0.6301781,2,combined-2,train
49.932957,0.74901813,4.995115,1.2416275,1.3598,-0.6382114,2,combined-2,train
50.682358,0.6736287,4.4543395,1.2386763,1.3598,-0.68953294,2,combined-2,train
51.501816,0.68217975,4.4953456,1.2587326,1.3598,0.44168505,2,combined-2,train
52.300148,0.8058151,5.3421173,1.2298888,1.29312,0.112442225,2,combined-2,train
53.216057,0.80401653,5.3409,1.20213,1.29312,-1.3243682,2,combined-2,train
54.01742,0.7262773,4.775186,1.1866325,1.25178,-1.3967652,2,combined-2,train
54.812256,0.6303107,4.183321,1.1945175,1.29774,-1.3297839,2,combined-2,train
55.529835,0.6678585,4.4407873,1.2493312,1.32884,-0.51513404,2,combined-2,train
56.26588,0.66485643,4.439558,1.2694087,1.34282,0.08796019,2,combined-2,train
57.03784,0.7119992,4.7378287,1.2892437,1.34282,-0.91674006,2,combined-2,train
57.84936,0.7833528,5.2309976,1.2574463,1.34282,-0.5621594,2,combined-2,train
58.66731,0.7346111,4.885483,1.2317787,1.29296,-1.0622752,2,combined-2,train
59.46207,0.6692005,4.4698405,1.259645,1.38106,-1.1861577,2,combined-2,train
60.293156,0.7972573,5.2915645,1.2490462,1.38106,-1.0877842,2,combined-2,train
61.109234,0.7676025,5.079857,1.230945,1.38106,-1.2747464,2,combined-2,train
61.955986,0.7420328,4.883745,1.1760775,1.26994,-0.27522212,2,combined-2,train
62.737038,0.7235565,4.767427,1.1766738,1.23496,-0.8025796,2,combined-2,train
63.52243,0.70648366,4.653881,1.2243237,1.38508,-0.38383427,2,combined-2,train
64.2996,0.6783038,4.4844995,1.22367,1.38508,-0.7958698,2,combined-2,train
65.09112,0.7598943,5.050995,1.2251662,1.38508,-1.0374272,2,combined-2,train
65.90983,0.7343548,4.870893,1.1672587,1.28908,-1.3523667,2,combined-2,train
66.778656,0.8030279,5.32915,1.1752387,1.27522,-1.3783491,2,combined-2,train
67.57829,0.7320147,4.8299146,1.1955975,1.29494,-0.71247125,2,combined-2,train
68.42082,0.68400675,4.5295186,1.1929913,1.29494,-1.2082391,2,combined-2,train
69.1342,0.69280857,4.567651,1.198615,1.29494,-1.090007,2,combined-2,train
70.140564,1.00714,6.396684,1.1879113,1.25324,-1.3360875,2,combined-2,train
71.20006,1.1334049,7.3389792,1.2085162,1.30086,0.08811791,2,combined-2,train
72.310684,0.94333994,6.0805035,1.2238188,1.32396,-0.2508347,2,combined-2,train
73.205795,0.6846325,4.524011,1.232745,1.32396,-0.60914123,2,combined-2,train
73.99228,0.71235293,4.6795607,1.2181263,1.32396,-0.076949164,2,combined-2,train
74.82315,0.7842787,5.171837,1.208335,1.32396,0.30743775,2,combined-2,train
7.506138,0.7367312,4.830242,1.194775,1.3861,-1.2856774,2,combined-3,train
8.299645,0.7175277,4.7036,1.2172325,1.3861,-0.92400473,2,combined-3,train
9.081509,0.6717781,4.4356284,1.210035,1.3861,-0.16325049,2,combined-3,train
9.891143,0.75681615,5.0600977,1.1853625,1.27928,-0.802319,2,combined-3,train
10.670884,0.71246386,4.7431016,1.1843863,1.27928,-0.7133654,2,combined-3,train
11.514854,0.75123566,4.984192,1.1961237,1.27928,-0.038941253,2,combined-3,train
12.324891,0.79457337,5.2994385,1.1565688,1.22878,-1.3198078,2,combined-3,train
13.127914,0.6742398,4.4742355,1.1228513,1.22878,-0.22587658,2,combined-3,train
13.898794,0.688431,4.5567045,1.1025788,1.27018,1.0393398,2,combined-3,train
14.723136,0.80363905,5.3255806,1.12476,1.27018,-0.5771153,2,combined-3,train
15.502799,0.7089486,4.6384163,1.14938,1.27018,0.39673993,2,combined-3,train
16.336123,0.6616658,4.3623,1.2023687,1.28582,-1.125555,2,combined-3,train
17.053818,0.70822924,4.700102,1.2063413,1.28582,-0.67748874,2,combined-3,train
17.864212,0.68430537,4.5537314,1.2012987,1.28582,-1.0911444,2,combined-3,train
18.681496,0.78009,5.1994762,1.1948212,1.26658,-1.204495,2,combined-3,train
19.54726,0.7976994,5.3247814,1.1443237,1.26658,-0.79029614,2,combined-3,train
20.35246,0.66396815,4.417595,1.1724488,1.29054,-1.1326923,2,combined-3,train
21.156126,0.7003872,4.6407595,1.1647263,1.29054,-1.0726783,2,combined-3,train
21.944702,0.7825728,5.2074704,1.1823925,1.29054,-0.9438833,2,combined-3,train
22.756567,0.692206,4.5824394,1.15564,1.29054,0.53171855,2,combined-3,train
23.532211,0.7022986,4.6592646,1.1452388,1.23924,0.56325233,2,combined-3,train
24.295752,0.6955956,4.626493,1.1745337,1.28462,-0.9339127,2,combined-3,train
25.090273,0.7252135,4.838464,1.2098325,1.28462,-0.09482335,2,combined-3,train
25.888056,0.7537694,5.0409517,1.2344325,1.28462,-0.26239684,2,combined-3,train
26.71119,0.7314956,4.8900137,1.2328813,1.28462,2.7011116,2,combined-3,train
27.539125,0.7372883,4.9221196,1.2111738,1.28036,-0.62335944,2,combined-3,train
28.395746,0.786562,5.248365,1.19578,1.28036,-1.174893,2,combined-3,train
29.201113,0.7219006,4.7797174,1.1913025,1.30362,-0.3244361,2,combined-3,train
29.992393,0.6592988,4.3808155,1.2337937,1.33646,-1.0672455,2,combined-3,train
30.70785,0.6590136,4.370579,1.2453787,1.33646,-0.9244753,2,combined-3,train
31.46769,0.71052176,4.6832223,1.2480363,1.33646,-0.9613315,2,combined-3,train
32.31943,0.8280532,5.428814,1.2205875,1.30594,-0.6771427,2,combined-3,train
33.166286,0.78597194,5.1460953,1.2258675,1.30594,-0.91963065,2,combined-3,train
33.991222,0.62062126,4.1005893,1.2037888,1.30594,-1.0229244,2,combined-3,train
34.71956,0.70008636,4.670455,1.19859,1.30594,-0.7305033,2,combined-3,train
35.504467,0.7353866,4.9168563,1.1737688,1.21342,-1.1470383,2,combined-3,train
36.30632,0.71806693,4.784936,1.1947887,1.326,0.43356717,2,combined-3,train
37.093403,0.6908521,4.599422,1.23899,1.37482,-0.74668765,2,combined-3,train
37.838223,0.6590686,4.3561645,1.243245,1.37482,-0.71137863,2,combined-3,train
38.671215,0.79439545,5.2566724,1.2395225,1.37482,-0.3578277,2,combined-3,train
39.41537,0.702414,4.5323143,1.2167275,1.28912,-0.97632396,2,combined-3,train
40.296738,0.7213695,4.6283565,1.205865,1.28912,-0.97051096,2,combined-3,train
41.05112,0.7959795,5.1933837,1.2114224,1.28912,-0.8298591,2,combined-3,train
42.14187,1.054341,6.8296604,1.173015,1.2709,-1.0964719,2,combined-3,train
43.28785,1.2122469,8.009909,1.1485637,1.23214,-1.2596931,2,combined-3,train
44.431957,0.96880347,6.238196,1.1291138,1.18744,-0.7069163,2,combined-3,train
45.358047,0.7049109,4.6186266,1.1323187,1.18582,-0.3248348,2,combined-3,train
46.222946,0.7803173,5.0977488,1.1589075,1.21348,-0.991851,2,combined-3,train
47.032925,0.7789892,5.129272,1.14644,1.21348,1.1735561,2,combined-3,train
47.84371,0.61785513,4.058051,1.1644375,1.24208,1.2141483,2,combined-3,train
48.512558,0.5868594,3.811048,1.1894213,1.29156,-0.28959072,2,combined-3,train
49.27401,0.7425187,4.8531656,1.185375,1.29156,-0.84166116,2,combined-3,train
50.00169,0.74755925,4.8956456,1.171675,1.29156,-0.90631616,2,combined-3,train
50.882397,0.7203443,4.721498,1.1680888,1.28028,-0.81693244,2,combined-3,train
51.533283,0.6597652,4.0650935,1.2016612,1.29624,-1.0187211,2,combined-3,train
52.086777,0.39961833,2.157557,1.2057463,1.29624,-0.90567625,2,combined-3,train
52.514465,0.47363496,2.7489996,1.1843776,1.29624,-0.08987891,2,combined-3,train
53.089344,0.7374269,4.8709846,1.1758537,1.27574,-0.07794546,2,combined-3,train
53.867638,0.76231635,5.063756,1.1919663,1.27574,-1.2058448,2,combined-3,train
54.70744,0.74650663,4.970245,1.2046537,1.27574,1.4704729,2,combined-3,train
55.521576,0.7518904,5.0192957,1.1821826,1.27574,-1.1369846,2,combined-3,train
56.385662,0.77548856,5.1705112,1.151335,1.2383,-1.0714933,2,combined-3,train
57.21491,0.7470601,4.957869,1.1470213,1.2209,-1.0915312,2,combined-3,train
58.017998,0.6531596,4.3386765,1.1555288,1.2209,-1.4014068,2,combined-3,train
58.70767,0.6122152,4.0549703,1.1920588,1.28572,-1.1842097,2,combined-3,train
59.4521,0.7096198,4.7031484,1.1949662,1.28572,-1.2905381,2,combined-3,train
60.245346,0.7836651,5.234397,1.2200588,1.28572,0.24822107,2,combined-3,train
61.064472,0.72562367,4.8157063,1.237025,1.32608,-0.61680037,2,combined-3,train
61.87856,0.7081578,4.7051654,1.2305613,1.32608,-0.7513765,2,combined-3,train
62.665703,0.70945925,4.707912,1.2213012,1.32608,-0.6157474,2,combined-3,train
63.480656,0.7236539,4.8096056,1.2066338,1.27126,-0.81776035,2,combined-3,train
64.31722,0.7831593,5.2136545,1.1990525,1.23694,-0.77020496,2,combined-3,train
65.18167,0.7618568,5.062756,1.203435,1.27196,-0.5257568,2,combined-3,train
65.973915,0.68168676,4.5219874,1.2195625,1.3141,-1.148575,2,combined-3,train
66.73615,0.6696233,4.437521,1.2359213,1.3141,-0.79158527,2,combined-3,train
67.505066,0.7429252,4.954387,1.2543788,1.3141,-0.8793966,2,combined-3,train
68.36252,0.7823472,5.2166176,1.258525,1.3285,-0.6555873,2,combined-3,train
69.17423,0.7268695,4.835511,1.27934,1.3652,-0.5613737,2,combined-3,train
69.92596,0.60460263,3.9750702,1.2814525,1.3652,0.013705751,2,combined-3,train
70.67641,0.69313544,4.5213747,1.2181737,1.3652,-1.2237804,2,combined-3,train
71.51016,0.81046194,5.307704,1.19055,1.33356,-0.73570126,2,combined-3,train
72.3784,0.787959,5.21243,1.1691875,1.25872,-0.42912617,2,combined-3,train
73.200615,0.73820657,4.895354,1.188875,1.25872,-1.061381,2,combined-3,train
74.01811,0.743404,4.95107,1.1621313,1.25872,-1.2099615,2,combined-3,train
7.601313,0.6138345,4.082513,1.2454925,1.32068,-0.89406735,2,combined-4,val
8.323498,0.643603,4.2858663,1.288325,1.37994,0.77432144,2,combined-4,val
9.078949,0.73174727,4.8759785,1.2657613,1.37994,-0.4325083,2,combined-4,val
9.910609,0.7605874,5.0697246,1.227125,1.37994,-1.2200242,2,combined-4,val
10.735014,0.75306016,5.0053487,1.1871687,1.28858,-1.0148393,2,combined-4,val
11.559749,0.7150321,4.7291584,1.1622175,1.2263,-1.3525404,2,combined-4,val
12.348416,0.71820104,4.749275,1.1758738,1.2263,-1.0466564,2,combined-4,val
13.150443,0.7689252,5.104981,1.1833825,1.25498,-0.24267504,2,combined-4,val
13.980749,0.75105286,4.9998646,1.2029837,1.25498,-0.8104679,2,combined-4,val
14.8195505,0.75417274,5.0431895,1.2183462,1.25524,-0.21899001,2,combined-4,val
15.651556,0.7474408,5.001738,1.1901013,1.25524,-0.060001098,2,combined-4,val
16.467978,0.7112542,4.7577033,1.1832387,1.30348,-0.5223618,2,combined-4,val
17.207558,0.63958144,4.246258,1.1594287,1.30348,-0.6204271,2,combined-4,val
17.972681,0.7238043,4.7464337,1.1584562,1.30348,-1.1031817,2,combined-4,val
18.713448,0.7557564,4.977687,1.1577712,1.24806,-1.2541085,2,combined-4,val
19.569258,0.775338,5.097506,1.177355,1.31238,-1.020023,2,combined-4,val
20.35389,0.73083884,4.831911,1.2230662,1.31238,-0.33047998,2,combined-4,val
21.160671,0.6405262,4.2502823,1.2118913,1.31238,-0.6783838,2,combined-4,val
21.899078,0.6767576,4.511005,1.183485,1.252,-1.1555372,2,combined-4,val
22.724417,0.7832485,5.210368,1.1781212,1.25002,-1.3416468,2,combined-4,val
23.55108,0.7808399,5.1983905,1.1510812,1.24554,-0.7611466,2,combined-4,val
24.373163,0.71367645,4.736367,1.1684675,1.27244,-0.509364,2,combined-4,val
25.12567,0.6610787,4.410734,1.1629813,1.27244,-0.34627402,2,combined-4,val
25.94797,0.7641526,5.0709043,1.1946225,1.27244,-0.09464832,2,combined-4,val
26.70489,0.7156359,4.714319,1.1907963,1.24904,-0.43633893,2,combined-4,val
27.52234,0.6501695,4.2936296,1.1982763,1.24596,-1.0135247,2,combined-4,val
28.266397,0.7425926,4.947967,1.2042137,1.24596,-1.3482144,2,combined-4,val
29.070082,0.7222259,4.8016014,1.2273587,1.29844,1.1866975,2,combined-4,val
29.848898,0.6788695,4.516652,1.2327462,1.29844,-0.08049888,2,combined-4,val
30.76771,0.9158113,6.014901,1.2333863,1.29844,0.32029015,2,combined-4,val
31.945166,1.2536029,8.3425455,1.2274275,1.29844,-0.58500504,2,combined-4,val
33.133797,1.0904615,7.1116734,1.2385813,1.31788,-1.1424972,2,combined-4,val
34.146275,0.7244095,4.6625795,1.2495987,1.31788,-1.3786234,2,combined-4,val
34.997623,0.8049438,5.28198,1.2405225,1.31788,-1.4335078,2,combined-4,val
35.854332,0.81686413,5.3871646,1.1921887,1.2992,-0.9276323,2,combined-4,val
36.72835,0.7243981,4.800169,1.1606975,1.1989,-0.2766567,2,combined-4,val
37.476234,0.6313604,4.166443,1.1626725,1.2244,-0.6380284,2,combined-4,val
38.165695,0.6119228,4.0251446,1.169295,1.2244,-0.2352358,2,combined-4,val
38.92701,0.70514303,4.6263523,1.1633475,1.2244,0.005582068,2,combined-4,val
39.678654,0.7242091,4.7641153,1.1901325,1.31966,0.13831405,2,combined-4,val
40.574963,0.7728467,5.070591,1.2176362,1.31966,-1.1902803,2,combined-4,val
41.094658,0.55129266,2.793119,1.2139724,1.31966,-1.2485582,2,combined-4,val
41.624866,0.41071463,1.8639488,1.20956,1.28846,-1.0950272,2,combined-4,val
42.03794,0.5830814,3.582449,1.2071238,1.28048,-1.0626928,2,combined-4,val
42.751553,0.6830105,4.5367575,1.2317575,1.28048,2.1163778,2,combined-4,val
43.528248,0.7605242,5.0751815,1.2425625,1.28048,0.23514497,2,combined-4,val
44.339108,0.7070772,4.713072,1.2258987,1.27572,0.08158916,2,combined-4,val
45.161438,0.72452617,4.8255486,1.2025312,1.2526,-1.303193,2,combined-4,val
45.937798,0.7095371,4.720283,1.1965988,1.2526,-0.61765385,2,combined-4,val
46.66595,0.5766278,3.8374417,1.1746925,1.22128,-1.2614902,2,combined-4,val
47.44155,0.7231462,4.7517443,1.201075,1.28218,-0.8973332,2,combined-4,val
48.278496,0.84640604,5.6131277,1.1938637,1.28218,-1.1737201,2,combined-4,val
49.219166,0.80417794,5.355372,1.2065525,1.28218,-0.6988296,2,combined-4,val
50.047356,0.731267,4.8571205,1.20459,1.2668,-0.5938532,2,combined-4,val
50.779663,0.61972773,4.089293,1.21057,1.2668,-0.6564365,2,combined-4,val
51.491764,0.6322349,4.1843004,1.2187825,1.2668,-0.4294804,2,combined-4,val
52.262306,0.7564807,5.0279374,1.1999,1.25524,-0.44677362,2,combined-4,val
53.122334,0.7876911,5.2530193,1.195295,1.25524,-0.6853997,2,combined-4,val
53.947437,0.708403,4.694526,1.2012538,1.27184,-1.032469,2,combined-4,val
54.761387,0.71352994,4.724047,1.2390875,1.3195,-1.4074368,2,combined-4,val
55.540104,0.7291182,4.831501,1.2821512,1.34894,-0.13430685,2,combined-4,val
56.366173,0.71254504,4.7325697,1.2771412,1.34894,-0.8254788,2,combined-4,val
57.21456,0.79225916,5.2714744,1.2450987,1.34894,-1.1245741,2,combined-4,val
58.00782,0.7077927,4.6713967,1.23858,1.34524,-0.8175213,2,combined-4,val
58.78161,0.60348785,4.012231,1.2187175,1.34524,-0.51028,2,combined-4,val
59.460945,0.6540557,4.358857,1.2151138,1.34524,-0.6092891,2,combined-4,val
60.2436,0.7368773,4.904276,1.1924437,1.26672,-0.4997655,2,combined-4,val
61.07658,0.80623233,5.3863387,1.1941425,1.26672,-0.56827426,2,combined-4,val
61.899963,0.7309502,4.8565025,1.1579638,1.26672,-1.3656659,2,combined-4,val
62.69954,0.68478143,4.5611997,1.1441088,1.26672,-1.5786018,2,combined-4,val
63.470158,0.7149536,4.7561035,1.1411238,1.25204,-1.6797332,2,combined-4,val
64.28418,0.74436104,4.9421616,1.16646,1.25204,-1.0361552,2,combined-4,val
65.08747,0.7139357,4.7447257,1.16775,1.25204,-1.1912806,2,combined-4,val
65.94151,0.7389043,4.9094553,1.15209,1.25204,0.0145271355,2,combined-4,val
66.68415,0.6886009,4.5668316,1.1443387,1.1908,-0.42523494,2,combined-4,val
67.518936,0.7158864,4.717081,1.1580212,1.21968,1.5381904,2,combined-4,val
68.309654,0.8061331,5.355183,1.1966913,1.29356,-1.2226334,2,combined-4,val
69.16403,0.74776256,4.957501,1.2097437,1.29356,-1.2396088,2,combined-4,val
69.9746,0.6872681,4.547138,1.2253587,1.29356,-0.8783236,2,combined-4,val
70.73844,0.67983824,4.49514,1.2504575,1.37962,-1.0361623,2,combined-4,val
71.54042,0.7069612,4.651375,1.2746238,1.37962,-0.82863617,2,combined-4,val
72.33797,0.76723075,5.0874395,1.2875012,1.37962,-0.3410726,2,combined-4,val
73.112854,0.6782312,4.471254,1.2854538,1.36164,0.069047235,2,combined-4,val
73.91103,0.667908,4.3871293,1.251785,1.36164,0.29469967,2,combined-4,val
7.558064,0.70743304,4.7179656,1.1605375,1.29614,-0.74224436,2,combined-5,test
8.337542,0.71140844,4.744782,1.1815038,1.30984,-1.2609056,2,combined-5,test
9.102144,0.6754631,4.503742,1.2070374,1.30984,-0.15280543,2,combined-5,test
9.860879,0.6990953,4.6712623,1.2504913,1.37744,-0.3352155,2,combined-5,test
10.626571,0.70107454,4.6720243,1.2496012,1.39988,-0.6979017,2,combined-5,test
11.431811,0.743626,4.955104,1.2255975,1.39988,-0.86300117,2,combined-5,test
12.314298,0.8333402,5.5525327,1.1810524,1.39988,-0.6917203,2,combined-5,test
13.1536665,0.7297497,4.8174615,1.1580725,1.35312,-0.238341,2,combined-5,test
13.9027405,0.62441295,4.0661077,1.1856112,1.35312,-1.1143819,2,combined-5,test
14.7014475,0.7649341,4.958638,1.24126,1.35312,-0.4059757,2,combined-5,test
15.444592,0.7697558,5.003464,1.2420537,1.30676,-1.1110768,2,combined-5,test
16.347094,0.697827,4.554489,1.2443225,1.29974,-1.0407779,2,combined-5,test
17.102057,0.7791148,5.1606236,1.2249887,1.26268,-0.61361045,2,combined-5,test
17.89685,0.62981373,4.166139,1.210745,1.25646,0.34072793,2,combined-5,test
18.65658,0.72615683,4.8137903,1.1902775,1.23178,-0.4938274,2,combined-5,test
19.438412,0.77484536,5.143876,1.190585,1.2412,-0.68015873,2,combined-5,test
20.330612,0.81353605,5.3966336,1.19915,1.2412,-0.30934897,2,combined-5,test
21.123251,0.76051176,4.9926934,1.2026175,1.2412,-0.5045421,2,combined-5,test
21.969717,0.7118353,4.691621,1.18079,1.23758,-0.82946247,2,combined-5,test
22.737242,0.72809565,4.833379,1.1797688,1.23758,-0.7891225,2,combined-5,test
23.501553,0.6810032,4.508732,1.2012112,1.3303,-0.37069452,2,combined-5,test
24.325792,0.7469863,4.9540963,1.2426075,1.3303,-1.28672,2,combined-5,test
25.145607,0.7899388,5.232443,1.23567,1.3303,-1.1943032,2,combined-5,test
25.981016,0.6944316,4.6030383,1.2028425,1.32594,-0.6504789,2,combined-5,test
26.733519,0.7135079,4.6968613,1.167125,1.28274,0.189044,2,combined-5,test
27.539898,0.7407793,4.895395,1.208375,1.34408,-1.0977602,2,combined-5,test
28.338724,0.76679826,5.0838914,1.23479,1.34408,-0.4732726,2,combined-5,test
29.154438,0.68599516,4.5512133,1.2870938,1.34408,-1.3398236,2,combined-5,test
29.913088,0.6901327,4.576722,1.2348462,1.32048,-0.760348,2,combined-5,test
30.704245,0.6957062,4.603868,1.1920176,1.32048,-1.5372841,2,combined-5,test
31.4662,0.7227267,4.7951126,1.1213537,1.30702,0.35591465,2,combined-5,test
32.30018,0.7742886,5.1413684,1.0983624,1.18162,-1.1406682,2,combined-5,test
33.106606,0.7369867,4.8488255,1.0912387,1.18162,-1.1406323,2,combined-5,test
33.96076,0.7092245,4.677083,1.122,1.22498,-0.83433115,2,combined-5,test
34.762188,0.7316247,4.8116307,1.1699537,1.25716,-0.94182676,2,combined-5,test
35.553436,0.65603286,4.3595757,1.2041588,1.27102,-0.35734355,2,combined-5,test
36.356937,0.73807985,4.895344,1.1923888,1.27102,-1.0097849,2,combined-5,test
37.113625,0.7258811,4.816137,1.1867775,1.27102,-1.4293784,2,combined-5,test
37.952812,0.71418685,4.729827,1.1929874,1.2925,-1.4659595,2,combined-5,test
38.694218,0.71141595,4.71247,1.210915,1.2925,-0.48914018,2,combined-5,test
39.704037,0.98948205,6.349835,1.2194325,1.2925,-0.7267927,2,combined-5,test
40.87304,1.2980702,8.613549,1.1807575,1.243,-1.5501674,2,combined-5,test
42.087566,1.0788622,6.9772887,1.1768463,1.243,-1.5181968,2,combined-5,test
43.042107,0.6454325,4.1664395,1.1772938,1.26628,-0.7893537,2,combined-5,test
43.80325,0.6917048,4.51317,1.1965475,1.26628,-0.97203666,2,combined-5,test
44.45715,0.6669343,4.217112,1.2103275,1.26628,-0.5826201,2,combined-5,test
44.942455,0.3155077,1.5837436,1.2134025,1.284,0.19391909,2,combined-5,test
45.37492,0.47124967,2.51469,1.2061663,1.284,-0.3505405,2,combined-5,test
45.940327,0.79476005,5.279177,1.20401,1.284,-0.9149003,2,combined-5,test
46.77307,0.7769365,5.136436,1.2111863,1.2861,-0.95252585,2,combined-5,test
47.593353,0.68072927,4.4997997,1.2163062,1.32862,-0.31842056,2,combined-5,test
48.356598,0.7216313,4.78007,1.2168013,1.32862,0.09368906,2,combined-5,test
49.0797,0.6582713,4.352878,1.2172037,1.32862,-0.33033234,2,combined-5,test
49.887993,0.73065287,4.818161,1.2142875,1.2849,-0.026854442,2,combined-5,test
50.71161,0.8282691,5.5043516,1.2070388,1.2849,0.09184222,2,combined-5,test
51.5557,0.73275274,4.777222,1.1815963,1.28734,-1.0621154,2,combined-5,test
52.437893,0.75683576,4.921458,1.19082,1.32392,-1.0310556,2,combined-5,test
53.230404,0.74566287,4.8562474,1.2212187,1.32392,-0.11808195,2,combined-5,test
54.031857,0.61167186,4.0567145,1.2772975,1.32906,-0.55085045,2,combined-5,test
54.75522,0.6903171,4.560187,1.2709275,1.32906,-1.0087107,2,combined-5,test
55.550587,0.74467677,4.92482,1.2826612,1.34252,-0.9979216,2,combined-5,test
56.3266,0.720544,4.761332,1.2502625,1.34252,-1.1807842,2,combined-5,test
57.126724,0.66233784,4.385589,1.23064,1.34252,-1.5800412,2,combined-5,test
57.8978,0.7320819,4.854202,1.1845475,1.29394,0.32198733,2,combined-5,test
58.712963,0.79001695,5.2190146,1.1854513,1.29368,0.42370996,2,combined-5,test
59.4928,0.7200689,4.7292323,1.2059875,1.29368,-0.8193301,2,combined-5,test
60.280716,0.70021266,4.6053042,1.26442,1.38524,-0.87441444,2,combined-5,test
61.029144,0.6747969,4.458626,1.2859437,1.40768,-1.3493963,2,combined-5,test
61.792107,0.68773353,4.5277796,1.260935,1.40768,-1.4259852,2,combined-5,test
62.627995,0.7959488,5.231868,1.2081975,1.40768,-0.35731268,2,combined-5,test
63.435013,0.800191,5.267716,1.14786,1.20272,-0.7090482,2,combined-5,test
64.26293,0.6797554,4.4869986,1.166915,1.23776,-0.95350695,2,combined-5,test
65.069145,0.74509585,4.933431,1.2086313,1.33074,-0.7273408,2,combined-5,test
65.865685,0.7340588,4.890494,1.25528,1.33282,-0.8468511,2,combined-5,test
66.71418,0.72391427,4.824362,1.2559475,1.33282,-1.0767919,2,combined-5,test
67.51481,0.77910674,5.1860967,1.2189312,1.33282,-0.6924417,2,combined-5,test
68.34957,0.7340192,4.8300557,1.1757163,1.24312,-1.0192536,2,combined-5,test
69.15791,0.7516126,4.9289002,1.182145,1.27952,-0.69397944,2,combined-5,test
69.96543,0.70874125,4.6172833,1.1835263,1.27952,-0.7727709,2,combined-5,test
70.74291,0.72875226,4.8109674,1.1921974,1.27952,-0.78693324,2,combined-5,test
71.56451,0.72631544,4.8050056,1.1755825,1.24322,-1.2976571,2,combined-5,test
72.373634,0.7532787,5.0414968,1.2028887,1.29564,-1.1638185,2,combined-5,test
73.20167,0.7320352,4.8899527,1.222445,1.29564,-0.66978586,2,combined-5,test
73.93689,0.63845116,4.2415895,1.2395375,1.29564,-0.13950378,2,combined-5,test
3.2184412,0.1603916,-0.90060776,0.45950624,0.4836,0.00027903216,2,cooling_fault-1,train
3.0596838,0.11402499,-0.64048743,0.45624125,0.46942,-0.77316594,2,cooling_fault-1,train
2.9001207,0.19758165,-1.2693474,0.446825,0.46916,-1.0206168,2,cooling_fault-1,train
2.6862173,0.20995237,-1.2590144,0.45706126,0.48664,-1.3285342,2,cooling_fault-1,train
2.4797683,0.19047372,-1.0679371,0.45896,0.48664,-0.9208507,2,cooling_fault-1,train
2.3207676,0.14449278,-0.70040613,0.467675,0.48664,-0.6648475,2,cooling_fault-1,train
2.1694646,0.17761421,-1.0233663,0.45732376,0.48132,-0.3115188,2,cooling_fault-1,train
2.0293782,0.18699607,-1.1225584,0.44205126,0.48132,-0.894489,2,cooling_fault-1,train
1.8538678,0.16088992,-0.9088471,0.440575,0.49814,-0.23013605,2,cooling_fault-1,train
1.7359484,0.1457418,-0.81052935,0.447295,0.49814,-1.0156173,2,cooling_fault-1,train
1.6073897,0.10831232,-0.59728837,0.450665,0.49814,-0.53917646,2,cooling_fault-1,train
1.4569883,0.18684913,-1.1183351,0.45498124,0.49814,-1.1314656,2,cooling_fault-1,train
1.2405735,0.24655734,-1.5402827,0.455845,0.49044,-1.6046525,2,cooling_fault-1,train
1.0661038,0.17559287,-0.77448094,0.4699875,0.49682,-0.36863393,2,cooling_fault-1,train
0.89428514,0.16612507,-0.78092176,0.4835825,0.5057,-0.35021204,2,cooling_fault-1,train
0.7227587,0.2217607,-1.2733606,0.47796875,0.5057,0.5879384,2,cooling_fault-1,train
0.6143245,0.14802007,-0.4660113,0.4693825,0.5057,-1.1712269,2,cooling_fault-1,train
0.55218583,0.09027742,0.22951403,0.45648375,0.49376,-0.06869013,2,cooling_fault-1,train
0.55898774,0.09190791,-0.30468386,0.4502075,0.46524,-0.68179774,2,cooling_fault-1,train
0.51830906,0.08196377,-0.28681114,0.4503725,0.46524,-1.0989729,2,cooling_fault-1,train
0.5197503,0.0886916,0.04192645,0.44662625,0.47882,-0.54758203,2,cooling_fault-1,train
0.50807935,0.09368525,-0.113455646,0.44148624,0.47882,-0.19369374,2,cooling_fault-1,train
0.48833227,0.103918456,-0.33719227,0.45164,0.48742,-1.5069743,2,cooling_fault-1,train
0.53394645,0.14537975,0.3738629,0.46374,0.49432,-0.65436226,2,cooling_fault-1,train
0.44643676,0.21728714,-0.5947074,0.47615874,0.50396,1.7886165,2,cooling_fault-1,train
0.41837806,0.21930632,-0.7109855,0.46734625,0.50396,-0.6862075,2,cooling_fault-1,train
0.35251677,0.15546305,0.5736948,0.4579375,0.50396,-1.4361666,2,cooling_fault-1,train
0.43541548,0.13291793,0.5673803,0.44585374,0.47236,-0.78004557,2,cooling_fault-1,train
0.55613095,0.17148684,0.957855,0.45046374,0.48086,0.101863295,2,cooling_fault-1,train
0.6170355,0.18087587,0.32148242,0.4693325,0.51398,-0.74396414,2,cooling_fault-1,train
0.6030813,0.18913554,-0.7812542,0.4774925,0.51398,-1.263121,2,cooling_fault-1,train
0.52306193,0.1915858,-0.63611466,0.4655175,0.51398,-0.9579298,2,cooling_fault-1,train
0.4425226,0.11420484,0.028905967,0.44844624,0.5075,-0.91145486,2,cooling_fault-1,train
0.4864045,0.12126141,0.10429645,0.44437125,0.49974,-0.5109809,2,cooling_fault-1,train
0.5019245,0.09641116,0.22059533,0.44770125,0.49974,-0.3289847,2,cooling_fault-1,train
0.49382967,0.12963617,-0.40277806,0.44804126,0.49974,-0.30334994,2,cooling_fault-1,train
0.49274194,0.12404025,-0.08056306,0.43501374,0.4741,1.0638222,2,cooling_fault-1,train
0.41958195,0.146603,-0.37163952,0.43907124,0.47446,0.18445088,2,cooling_fault-1,train
0.4325684,0.1274072,-0.20069225,0.44099626,0.47446,-0.48463693,2,cooling_fault-1,train
0.41027611,0.13556468,0.3942803,0.44285,0.47446,-0.9786965,2,cooling_fault-1,train
0.42491743,0.1273476,-0.02405613,0.44182,0.47402,-0.8325832,2,cooling_fault-1,train
0.50951487,0.25863343,1.0159215,0.4308575,0.46298,-1.2972336,2,cooling_fault-1,train
0.8376781,0.5027289,3.062101,0.441025,0.48284,-0.6909963,2,cooling_fault-1,train
1.2700677,0.4791999,2.8235478,0.44553,0.49364,-1.1019771,2,cooling_fault-1,train
1.6262181,0.1675411,0.7630234,0.46206626,0.50408,-0.8341991,2,cooling_fault-1,train
1.5411477,0.38873,-1.6384839,0.464125,0.50408,-1.1596134,2,cooling_fault-1,train
1.1152258,0.62170446,-3.6547883,0.452565,0.50408,-0.2856431,2,cooling_fault-1,train
0.7147729,0.49658626,-2.42412,0.4516675,0.50408,0.64492404,2,cooling_fault-1,train
0.47690645,0.14019746,0.6684624,0.4567475,0.49878,-0.9147098,2,cooling_fault-1,train
0.45653677,0.1671429,-0.33815515,0.4630775,0.49878,-0.4782212,2,cooling_fault-1,train
0.43614903,0.17100392,-0.4047184,0.47026,0.49878,1.1294878,2,cooling_fault-1,train
0.38653678,0.109214015,0.07540742,0.46874875,0.49878,1.0360671,2,cooling_fault-1,train
0.40254647,0.074258104,0.10420984,0.47718376,0.51044,0.23093042,2,cooling_fault-1,train
0.4638897,0.106341414,0.3379897,0.48032874,0.51044,-0.7134381,2,cooling_fault-1,train
0.49691936,0.13511638,0.55798256,0.46203876,0.51044,-1.3734779,2,cooling_fault-1,train
0.51498646,0.15196878,-0.22742274,0.44199374,0.48798,-0.9894342,2,cooling_fault-1,train
0.5181335,0.1544806,0.07037855,0.427835,0.44862,-0.48829138,2,cooling_fault-1,train
0.48992968,0.17848232,-0.253575,0.43157125,0.4498,-0.9947011,2,cooling_fault-1,train
0.5041368,0.14019172,-0.117223546,0.43835124,0.47644,0.49343213,2,cooling_fault-1,train
0.45202386,0.15318064,0.020099517,0.44537374,0.47644,-0.7450515,2,cooling_fault-1,train
0.44152194,0.14004031,-0.5204434,0.4390075,0.47644,-0.92535543,2,cooling_fault-1,train
0.47477743,0.16470705,0.33867,0.43210626,0.47644,-0.7718678,2,cooling_fault-1,train
0.46341485,0.15574972,0.30177146,0.42233875,0.453,0.52589744,2,cooling_fault-1,train
0.5405955,0.12723647,-0.09161274,0.428035,0.453,-0.7875206,2,cooling_fault-1,train
0.46925032,0.16497716,-0.4768026,0.4443775,0.49226,-0.43810308,2,cooling_fault-1,train
0.49041033,0.1808639,-0.12902129,0.45159376,0.49226,-0.054872245,2,cooling_fault-1,train
0.48497614,0.1873375,0.43924403,0.44655,0.49226,-0.66858137,2,cooling_fault-1,train
0.4546271,0.1888343,-0.41049048,0.4300625,0.45684,-1.3670534,2,cooling_fault-1,train
0.42465484,0.14917554,-0.54571164,0.43555376,0.48124,-0.97776556,2,cooling_fault-1,train
0.4273787,0.13836332,0.67059726,0.44894874,0.50012,-1.0603328,2,cooling_fault-1,train
0.4516871,0.118791096,0.067614675,0.47369376,0.50492,-1.0687665,2,cooling_fault-1,train
0.49345097,0.113667786,-0.2094784,0.47156376,0.50492,-1.0574938,2,cooling_fault-1,train
0.47034773,0.09700579,0.28339985,0.46197376,0.50492,-1.4659282,2,cooling_fault-1,train
0.47738323,0.11027219,-0.13728726,0.45761,0.50586,-0.9408517,2,cooling_fault-1,train
0.50021225,0.11463765,-0.013935967,0.46814874,0.50794,-1.5150748,2,cooling_fault-1,train
0.5324155,0.13444456,0.49699402,0.48891625,0.52194,-0.8472563,2,cooling_fault-1,train
0.6020503,0.13964063,0.5693864,0.476395,0.52194,-1.2715031,2,cooling_fault-1,train
0.59505486,0.14358807,-0.44066808,0.4499625,0.52194,-1.1027751,2,cooling_fault-1,train
0.5674168,0.15404668,-0.36000967,0.4368175,0.48404,-0.7189667,2,cooling_fault-1,train
0.5666187,0.1488699,0.3101405,0.43970126,0.48404,-0.7857397,2,cooling_fault-1,train
0.58821934,0.12738149,0.16878968,0.453845,0.48404,2.2116396,2,cooling_fault-1,train
0.6206394,0.1147702,-0.16921839,0.45975125,0.47982,0.06845861,2,cooling_fault-1,train
0.53277034,0.14553188,-0.36785516,0.45626,0.4772,0.14599137,2,cooling_fault-1,train
0.5206213,0.15660311,-0.25411886,0.4614325,0.50744,0.82532614,2,cooling_fault-1,train
3.281887,0.23072407,-1.487115,0.45729,0.47024,-0.59782314,2,cooling_fault-2,train
3.0907104,0.1576061,-0.8976121,0.45217624,0.47024,-0.49392283,2,cooling_fault-2,train
2.916251,0.15317665,-0.70493275,0.460215,0.50432,-0.6271494,2,cooling_fault-2,train
2.7839355,0.17505822,-0.86419547,0.45666,0.50432,-0.86558795,2,cooling_fault-2,train
2.6278336,0.16701788,-0.7995411,0.4635925,0.50432,-1.1623443,2,cooling_fault-2,train
2.440154,0.2484304,-1.5037955,0.46809,0.50524,-1.2292206,2,cooling_fault-2,train
2.2429109,0.21683355,-1.1832063,0.46728125,0.50524,-1.2485312,2,cooling_fault-2,train
2.0672388,0.18556485,-0.91239,0.46043125,0.50524,-1.2613393,2,cooling_fault-2,train
1.930689,0.16018899,-0.78264195,0.44217125,0.4837,-0.19743688,2,cooling_fault-2,train
1.8072406,0.16329719,-0.68105954,0.434445,0.46328,0.016625747,2,cooling_fault-2,train
1.6589439,0.18327856,-0.92961484,0.44361624,0.4783,-0.4432397,2,cooling_fault-2,train
1.4753723,0.23117712,-1.3493317,0.45766875,0.4895,-1.167895,2,cooling_fault-2,train
1.3125594,0.13488616,-0.6294019,0.46051,0.4895,-1.3179957,2,cooling_fault-2,train
1.1432581,0.17652576,-0.94936454,0.46084625,0.4895,-0.96782607,2,cooling_fault-2,train
0.98934644,0.20167007,-1.0878097,0.4460525,0.48396,-0.25976858,2,cooling_fault-2,train
0.7866897,0.1832716,-1.0138776,0.43231,0.46258,-0.3675067,2,cooling_fault-2,train
0.6087148,0.18199672,-1.0104837,0.4206925,0.44522,-0.73616636,2,cooling_fault-2,train
0.5072458,0.13036461,-0.4014958,0.42517376,0.4526,-0.9840614,2,cooling_fault-2,train
0.47879872,0.09547284,0.3143671,0.4377325,0.47164,-0.4591212,2,cooling_fault-2,train
0.5107484,0.08463381,0.20636226,0.44114625,0.47164,-0.873506,2,cooling_fault-2,train
0.5139716,0.06377672,-0.1717079,0.44496375,0.47276,-1.3024081,2,cooling_fault-2,train
0.44727096,0.1136922,-0.5347597,0.44283375,0.47448,-1.2053797,2,cooling_fault-2,train
0.38889033,0.10221539,-0.36781403,0.4475475,0.47448,-0.7598022,2,cooling_fault-2,train
0.37020388,0.09069022,0.2840705,0.45742625,0.49482,-0.92215174,2,cooling_fault-2,train
0.3650671,0.09309249,-0.17459758,0.45696,0.49482,-1.0688047,2,cooling_fault-2,train
0.35066321,0.10129259,-0.19332968,0.46189624,0.49482,-0.79735065,2,cooling_fault-2,train
0.38113806,0.12426256,0.46439418,0.44751874,0.49482,-0.048475076,2,cooling_fault-2,train
0.5020084,0.16520496,0.840315,0.4434975,0.4633,-0.30949834,2,cooling_fault-2,train
0.5753684,0.11398652,0.22991613,0.44426876,0.47836,-0.21068788,2,cooling_fault-2,train
0.6043703,0.09342717,-0.14520822,0.446,0.47836,-0.9596577,2,cooling_fault-2,train
0.5532265,0.07544293,-0.19748516,0.446835,0.47836,-0.7193088,2,cooling_fault-2,train
0.5442968,0.0748048,-0.1906171,0.4473075,0.47258,-0.65002316,2,cooling_fault-2,train
0.49102902,0.08995891,-0.11524306,0.453025,0.47258,1.7921675,2,cooling_fault-2,train
0.4854871,0.102227956,-0.20840274,0.45746624,0.47258,-0.858405,2,cooling_fault-2,train
0.44575614,0.09196718,-0.0064064516,0.44963,0.46892,0.32471976,2,cooling_fault-2,train
0.46196258,0.098848596,-0.21273386,0.44800624,0.47052,0.26575267,2,cooling_fault-2,train
0.5008426,0.121463634,0.4551,0.43793124,0.47052,-0.5378385,2,cooling_fault-2,train
0.5335729,0.11168525,0.08751484,0.43234625,0.47052,-0.586796,2,cooling_fault-2,train
0.5116819,0.12058479,-0.5028847,0.423205,0.44658,0.08920298,2,cooling_fault-2,train
0.7029742,0.42326513,1.9949545,0.4233575,0.44388,0.36123514,2,cooling_fault-2,train
0.99410707,0.5221507,2.9006531,0.43046,0.47304,2.2301986,2,cooling_fault-2,train
1.31346,0.32847434,0.91383,0.43479374,0.47304,1.6525936,2,cooling_fault-2,train
1.4799645,0.19456074,0.2826513,0.43037376,0.47304,0.040010106,2,cooling_fault-2,train
1.4612858,0.16959889,0.32932162,0.42826375,0.45202,-0.5805069,2,cooling_fault-2,train
1.5155581,0.13170485,-0.2991808,0.4292375,0.45724,-0.26035365,2,cooling_fault-2,train
1.491749,0.11707251,0.20370436,0.45055625,0.49162,-1.1024463,2,cooling_fault-2,train
1.3875039,0.3177243,-1.3598802,0.44485,0.49162,-1.1581875,2,cooling_fault-2,train
1.0853226,0.45328557,-2.5730033,0.4472225,0.49162,-1.1423229,2,cooling_fault-2,train
0.76956195,0.3737828,-1.888244,0.4407525,0.4686,-1.02532,2,cooling_fault-2,train
0.54881227,0.098351456,-0.09107178,0.44697,0.47394,-0.82293653,2,cooling_fault-2,train
0.54090387,0.11839368,-0.04146387,0.44871375,0.47394,-0.5014454,2,cooling_fault-2,train
0.522011,0.13067429,-0.11154726,0.44313625,0.47394,0.976271,2,cooling_fault-2,train
0.43360838,0.16078456,-0.49402258,0.4424475,0.47638,1.4353975,2,cooling_fault-2,train
0.42615548,0.1479769,-0.22077484,0.45136625,0.48162,-1.0666802,2,cooling_fault-2,train
0.4647716,0.16657527,0.8875776,0.45782626,0.48162,-0.9552021,2,cooling_fault-2,train
0.57675487,0.13637885,0.59317064,0.45964375,0.48162,-0.8287947,2,cooling_fault-2,train
0.6176264,0.093322605,-0.26007435,0.44511124,0.48162,-1.0922391,2,cooling_fault-2,train
0.64776516,0.12673421,0.30734807,0.43432376,0.46306,-0.9251369,2,cooling_fault-2,train
0.5779536,0.16340213,-0.3127563,0.43237126,0.45284,-0.99672425,2,cooling_fault-2,train
0.56953293,0.17191334,-0.6928689,0.44395125,0.47176,0.35019848,2,cooling_fault-2,train
0.47490388,0.121787146,-0.044130486,0.45708376,0.49088,-0.19042027,2,cooling_fault-2,train
0.5046297,0.13473773,0.18707758,0.46298876,0.49088,-0.47862107,2,cooling_fault-2,train
0.49516386,0.12730218,-0.13305628,0.46523,0.49088,-0.513289,2,cooling_fault-2,train
0.49772388,0.109547295,-0.20448,0.457605,0.47898,-1.1341732,2,cooling_fault-2,train
0.48178968,0.09655805,-0.0017622581,0.44642,0.47898,-1.0448498,2,cooling_fault-2,train
0.5244948,0.11119817,0.40882403,0.43098125,0.47138,-0.47494173,2,cooling_fault-2,train
0.5483148,0.12897097,-0.04008242,0.422635,0.45176,-0.7981279,2,cooling_fault-2,train
0.53498906,0.13356015,-0.30076355,0.42587626,0.45176,-0.8757477,2,cooling_fault-2,train
0.50519484,0.12958631,-0.33739403,0.43610376,0.48758,-0.19332787,2,cooling_fault-2,train
0.48258838,0.121886425,0.0043935482,0.45426625,0.49368,-1.2370462,2,cooling_fault-2,train
0.47954902,0.13138646,-0.12702435,0.45873374,0.49368,-1.0514284,2,cooling_fault-2,train
0.4887097,0.13791473,0.28386047,0.4683375,0.49368,-1.042349,2,cooling_fault-2,train
0.5216471,0.11818581,0.10337564,0.46889,0.49396,-1.0258781,2,cooling_fault-2,train
0.5396129,0.11051305,0.16374484,0.46352875,0.49396,-1.1887683,2,cooling_fault-2,train
0.54273224,0.08899807,-0.082623385,0.45331874,0.49396,-1.2565435,2,cooling_fault-2,train
0.5581884,0.105067365,-0.030659515,0.44014874,0.46208,-0.6615443,2,cooling_fault-2,train
0.56685096,0.1120826,0.25289178,0.4467925,0.47698,-0.5852518,2,cooling_fault-2,train
0.56814647,0.11840001,-0.02874,0.448835,0.47698,-0.19048922,2,cooling_fault-2,train
0.5403955,0.12900038,-0.53656256,0.4476475,0.47698,-0.334737,2,cooling_fault-2,train
0.50554323,0.10059276,-0.085640326,0.447785,0.49036,1.9383681,2,cooling_fault-2,train
0.47814128,0.095025964,0.066347905,0.4541425,0.49036,-0.6496993,2,cooling_fault-2,train
0.44741097,0.11330928,-0.43653533,0.4568025,0.49036,-0.8021186,2,cooling_fault-2,train
0.43457806,0.11434768,-0.18010451,0.44891626,0.49036,-1.3184749,2,cooling_fault-2,train
0.46404257,0.12672202,0.6253756,0.4309775,0.47534,0.13012424,2,cooling_fault-2,train
3.288755,0.19995447,-0.95307916,0.44936875,0.46258,-0.029066537,2,cooling_fault-3,train
3.1190052,0.21739356,-1.2981141,0.45009875,0.47232,-0.27305204,2,cooling_fault-3,train
2.980045,0.15246911,-0.6775718,0.4664275,0.4981,-1.1122577,2,cooling_fault-3,train
2.8150659,0.17049815,-0.79957354,0.4587325,0.4981,-0.8588598,2,cooling_fault-3,train
2.6552162,0.24412225,-1.445552,0.45069626,0.4981,-1.1464381,2,cooling_fault-3,train
2.432243,0.24022798,-1.4114182,0.43438876,0.49502,3.0108488,2,cooling_fault-3,train
2.239162,0.19766612,-1.0740343,0.4340425,0.45556,-0.9004472,2,cooling_fault-3,train
2.0499065,0.21821095,-1.188312,0.4442375,0.47588,-0.5095845,2,cooling_fault-3,train
1.9045374,0.16791616,-0.6972697,0.45092124,0.47588,-0.5256509,2,cooling_fault-3,train
1.7147884,0.24153231,-1.2454665,0.44495374,0.47588,-1.1819702,2,cooling_fault-3,train
1.5345554,0.2411152,-1.3346854,0.4392125,0.47354,-0.64546806,2,cooling_fault-3,train
1.3404438,0.19489215,-0.92720467,0.43349,0.46704,0.985866,2,cooling_fault-3,train
1.2019,0.15096843,-0.6485076,0.4320275,0.46704,0.42427227,2,cooling_fault-3,train
1.053831,0.18070817,-0.92361,0.43599874,0.45928,-1.4374921,2,cooling_fault-3,train
0.91808,0.17809685,-0.98395693,0.43539125,0.45928,-1.4490147,2,cooling_fault-3,train
0.6721155,0.22794925,-1.2793456,0.44542876,0.47016,-1.3400674,2,cooling_fault-3,train
0.5511884,0.20720361,-0.72503227,0.44102,0.47016,-1.1226289,2,cooling_fault-3,train
0.46108773,0.13803001,0.29640338,0.43262,0.47016,-0.68000215,2,cooling_fault-3,train
0.49147418,0.11954389,0.16759935,0.42782125,0.4559,-0.96111256,2,cooling_fault-3,train
0.51010513,0.1005177,0.04207016,0.4339475,0.46298,-0.87013453,2,cooling_fault-3,train
0.5055174,0.09847597,0.24080807,0.44190374,0.46298,1.0858428,2,cooling_fault-3,train
0.47826064,0.107973225,-0.3105929,0.44181874,0.46298,0.99822104,2,cooling_fault-3,train
0.4712813,0.11615539,0.12325984,0.43807626,0.4743,0.08831533,2,cooling_fault-3,train
0.45285484,0.11536267,0.12231629,0.434625,0.4743,0.41538596,2,cooling_fault-3,train
0.45641872,0.116082065,-0.19945936,0.4423775,0.4743,-0.8413138,2,cooling_fault-3,train
0.48637098,0.118007176,0.25077677,0.451225,0.4743,-1.3615608,2,cooling_fault-3,train
0.47042903,0.11755839,-0.124065965,0.45553124,0.46472,1.756329,2,cooling_fault-3,train
0.49914452,0.10937496,-0.074425645,0.4540925,0.46472,-0.9978612,2,cooling_fault-3,train
0.49676517,0.10075444,0.22963403,0.45429125,0.47126,-0.685775,2,cooling_fault-3,train
0.54936385,0.08734324,0.12287468,0.447685,0.47126,-0.2712857,2,cooling_fault-3,train
0.57055485,0.09064636,0.18454936,0.44196376,0.47126,-0.41709146,2,cooling_fault-3,train
0.59979224,0.08157972,0.093737416,0.431765,0.47126,0.57872987,2,cooling_fault-3,train
0.57101744,0.1007003,-0.20020741,0.43016374,0.4489,-0.63016725,2,cooling_fault-3,train
0.53791934,0.106454246,-0.34067613,0.42707625,0.4489,-0.91559494,2,cooling_fault-3,train
0.50195354,0.10479841,0.03610258,0.4307625,0.46056,-0.71147215,2,cooling_fault-3,train
0.4936271,0.104848936,-0.16368338,0.44306374,0.48966,-1.3184034,2,cooling_fault-3,train
0.49913806,0.09648247,-0.09893661,0.45124,0.48966,-0.9722759,2,cooling_fault-3,train
0.4672542,0.09017623,0.05442145,0.4680725,0.48966,-0.5933142,2,cooling_fault-3,train
0.46777806,0.10573503,-0.095287256,0.46520376,0.48538,-0.604426,2,cooling_fault-3,train
0.42118904,0.114340186,-0.17105709,0.45767626,0.48538,-0.92783654,2,cooling_fault-3,train
0.42426386,0.10477464,0.03751016,0.45543,0.4973,-1.0887811,2,cooling_fault-3,train
0.4320974,0.09535257,0.43566048,0.4458525,0.4973,-0.84478974,2,cooling_fault-3,train
0.51427484,0.10176789,0.42989323,0.44911376,0.4973,-0.44573325,2,cooling_fault-3,train
0.54168,0.100296095,0.28382322,0.447835,0.47988,0.008514573,2,cooling_fault-3,train
0.574729,0.106719725,0.014579516,0.44335124,0.46386,0.47600284,2,cooling_fault-3,train
0.5395277,0.11880677,-0.26879904,0.4454475,0.46386,0.26102814,2,cooling_fault-3,train
0.5927155,0.16933808,0.5660739,0.44985625,0.48552,-0.08358355,2,cooling_fault-3,train
0.5928303,0.1552475,0.16146435,0.4558675,0.48552,-0.83699167,2,cooling_fault-3,train
0.59118646,0.15029347,-0.47634968,0.46521875,0.50806,-0.6706656,2,cooling_fault-3,train
0.48441485,0.14165914,-0.6347085,0.46500626,0.50806,-0.96173996,2,cooling_fault-3,train
0.46179485,0.16275956,0.34813547,0.45403126,0.50806,-0.9079711,2,cooling_fault-3,train
0.49667677,0.18477593,0.64363647,0.448505,0.4891,-0.722577,2,cooling_fault-3,train
0.4864529,0.19731182,-0.48266515,0.43998125,0.4628,-0.89959586,2,cooling_fault-3,train
0.44615096,0.17352894,-0.8509084,0.44621125,0.4628,-0.8979972,2,cooling_fault-3,train
0.47337484,0.24442352,1.0997941,0.44677624,0.4628,-1.4392899,2,cooling_fault-3,train
0.84790194,0.4994894,3.0998714,0.44699624,0.46084,-1.4294384,2,cooling_fault-3,train
1.2501664,0.44797942,2.6921012,0.45341375,0.49462,-0.12165163,2,cooling_fault-3,train
1.5399213,0.10682468,0.3103524,0.45448375,0.49462,-0.57762396,2,cooling_fault-3,train
1.54324,0.12755582,-0.32483566,0.4475,0.49462,-1.0102072,2,cooling_fault-3,train
1.5142994,0.14844416,-0.18396,0.445725,0.49462,-0.6519235,2,cooling_fault-3,train
1.5020832,0.16610503,0.14209935,0.4330925,0.47136,-0.60072035,2,cooling_fault-3,train
1.6366749,0.2335698,1.061025,0.43304625,0.47136,-0.6896411,2,cooling_fault-3,train
1.6444677,0.21509056,-0.10092677,0.42758626,0.45916,-0.4283929,2,cooling_fault-3,train
1.6543826,0.20378095,-0.8964561,0.43924624,0.49592,0.91420895,2,cooling_fault-3,train
1.4136703,0.31758234,-1.1813632,0.4444525,0.49592,0.41760454,2,cooling_fault-3,train
1.1170245,0.45706645,-2.5734963,0.440225,0.49592,-0.41234347,2,cooling_fault-3,train
0.7660342,0.42226225,-2.3363779,0.4405575,0.48076,-1.2484473,2,cooling_fault-3,train
0.49868065,0.106352426,-0.47309902,0.45952624,0.52042,-1.2663183,2,cooling_fault-3,train
0.41714516,0.0766697,-0.21396242,0.4763075,0.52042,-0.05165477,2,cooling_fault-3,train
0.4420329,0.15096876,0.2234134,0.4882,0.52042,-0.82926637,2,cooling_fault-3,train
0.4758987,0.15805152,0.3331258,0.47485125,0.50534,-0.43856895,2,cooling_fault-3,train
0.47437096,0.16362828,-0.16077822,0.456265,0.50534,-1.3246894,2,cooling_fault-3,train
0.49182644,0.10713213,0.18469064,0.4414425,0.49814,-0.037318166,2,cooling_fault-3,train
0.42410517,0.13660488,-0.18952064,0.44104376,0.4915,-0.17819005,2,cooling_fault-3,train
0.4774832,0.14800797,0.11685,0.4579225,0.4915,-1.3192215,2,cooling_fault-3,train
0.42762774,0.151918,0.15737225,0.46121126,0.4915,-1.3164713,2,cooling_fault-3,train
0.45027676,0.1231501,-0.42266613,0.45406374,0.4915,-1.0788258,2,cooling_fault-3,train
0.4077729,0.09657126,0.28494388,0.44274,0.46048,-0.68878716,2,cooling_fault-3,train
0.49095872,0.14070992,0.81154066,0.46206626,0.5206,-1.090083,2,cooling_fault-3,train
0.47504646,0.20419957,-0.28544563,0.4696525,0.5206,-1.0297309,2,cooling_fault-3,train
0.4650174,0.2109987,-0.7834524,0.47212625,0.5206,-0.94119483,2,cooling_fault-3,train
0.4373587,0.20121896,0.17212355,0.45688125,0.5011,3.1331086,2,cooling_fault-3,train
0.43564966,0.14946696,0.2963313,0.45248124,0.47206,0.14813985,2,cooling_fault-3,train
0.43988773,0.15678768,-0.39139453,0.4465025,0.47206,-0.7738045,2,cooling_fault-3,train
3.2939355,0.21434614,-1.1102322,0.44734,0.47116,-0.6646302,2,cooling_fault-4,val
3.1319058,0.119849786,-0.57340306,0.45642626,0.50152,-0.5760068,2,cooling_fault-4,val
3.0540683,0.1014181,-0.47440162,0.45724624,0.50152,-0.6154513,2,cooling_fault-4,val
2.8798258,0.19736955,-1.1446272,0.44535875,0.50152,-0.7723128,2,cooling_fault-4,val
2.627854,0.32121256,-2.0772378,0.43420124,0.47504,-0.5417016,2,cooling_fault-4,val
2.3808625,0.21744895,-1.1555047,0.4398825,0.47504,-1.1336199,2,cooling_fault-4,val
2.1889975,0.13417065,-0.5997145,0.45388126,0.48722,-0.27537644,2,cooling_fault-4,val
2.046764,0.19150998,-1.0973947,0.45634875,0.48722,-0.43229222,2,cooling_fault-4,val
1.8936297,0.16139609,-0.934094,0.44941124,0.48722,-0.37508962,2,cooling_fault-4,val
1.773322,0.122561865,-0.43660307,0.44169876,0.46028,-0.9030492,2,cooling_fault-4,val
1.6888278,0.10581098,-0.3945479,0.45332125,0.4955,-0.60687035,2,cooling_fault-4,val
1.5673735,0.1527176,-0.6723111,0.45443124,0.4955,-1.2132347,2,cooling_fault-4,val
1.433269,0.18424875,-1.0509039,0.45897126,0.4955,-0.843264,2,cooling_fault-4,val
1.1942549,0.26899844,-1.6037052,0.4525175,0.4955,0.5377468,2,cooling_fault-4,val
0.9755955,0.27956462,-1.6215513,0.4474625,0.46064,-0.91034895,2,cooling_fault-4,val
0.74958646,0.17923364,-0.8550329,0.45320624,0.47952,-0.14283416,2,cooling_fault-4,val
0.6578258,0.090939045,-0.1050121,0.452545,0.47952,-1.1994823,2,cooling_fault-4,val
0.5871426,0.10302388,-0.39619353,0.44865,0.47952,-1.0803682,2,cooling_fault-4,val
0.5774581,0.10919266,-0.16620484,0.447525,0.479,-0.8096078,2,cooling_fault-4,val
0.5019019,0.13266993,-0.2741642,0.436475,0.47122,-0.99027085,2,cooling_fault-4,val
0.53027546,0.13899818,0.10570258,0.4389275,0.47552,-1.2885462,2,cooling_fault-4,val
0.5396174,0.17468159,0.7079163,0.45453376,0.51288,-1.4452401,2,cooling_fault-4,val
0.54702514,0.16627866,-0.349965,0.47675624,0.51288,-0.9396975,2,cooling_fault-4,val
0.56747097,0.18107364,0.34865856,0.4831225,0.51288,-1.1681886,2,cooling_fault-4,val
0.53085357,0.15367042,0.023886774,0.46448874,0.5107,-1.3915819,2,cooling_fault-4,val
0.51749164,0.16019933,-0.52526325,0.44411626,0.49462,1.7402471,2,cooling_fault-4,val
0.46099162,0.11794335,-0.027553065,0.43607125,0.45666,-0.4676322,2,cooling_fault-4,val
0.45972386,0.118693806,0.48577017,0.43656874,0.45294,0.20588459,2,cooling_fault-4,val
0.4925174,0.092351355,0.07529613,0.4510775,0.4928,-0.55957747,2,cooling_fault-4,val
0.48662063,0.09472261,-0.12604016,0.4649,0.4928,-1.5007595,2,cooling_fault-4,val
0.46404195,0.11138429,-0.3054,0.478445,0.50184,-0.9940443,2,cooling_fault-4,val
0.48272324,0.11954,0.27724886,0.48023874,0.50184,-1.271096,2,cooling_fault-4,val
0.49425483,0.11094678,0.04856516,0.4721775,0.50184,-0.97936094,2,cooling_fault-4,val
0.5480613,0.09167889,0.07677968,0.4689125,0.50184,-0.074236594,2,cooling_fault-4,val
0.54579806,0.09711709,0.12937017,0.4605175,0.47532,-1.3614686,2,cooling_fault-4,val
0.5482226,0.087774605,-0.13860968,0.4677725,0.4927,-0.82630324,2,cooling_fault-4,val
0.5603871,0.075849734,0.11372032,0.44885626,0.4927,-1.0494444,2,cooling_fault-4,val
0.5699058,0.0757317,0.14951661,0.44780624,0.4927,-1.318977,2,cooling_fault-4,val
0.5365968,0.116939865,-0.55725,0.44153875,0.47398,-1.2591777,2,cooling_fault-4,val
0.4428271,0.15146811,-0.8030894,0.4578625,0.48446,1.8001251,2,cooling_fault-4,val
0.36737418,0.13165309,-0.082185,0.47025874,0.48446,-1.3339576,2,cooling_fault-4,val
0.38998452,0.13902712,0.59567565,0.46449625,0.48446,-1.1834451,2,cooling_fault-4,val
0.4348955,0.12765464,0.3642092,0.468525,0.50336,-1.2103325,2,cooling_fault-4,val
0.44773355,0.100315616,-0.2723061,0.46969375,0.50414,-1.5002524,2,cooling_fault-4,val
0.43093872,0.10247227,-0.16106322,0.4697325,0.50414,-1.4091556,2,cooling_fault-4,val
0.42934838,0.100580424,0.31905532,0.45957,0.50414,-0.8094711,2,cooling_fault-4,val
0.50004774,0.13698266,0.38714322,0.44955876,0.47392,0.58128685,2,cooling_fault-4,val
0.50964,0.13673212,0.21855968,0.45117125,0.47392,0.7897947,2,cooling_fault-4,val
0.52914,0.13338622,-0.005400968,0.45196,0.47392,1.8915507,2,cooling_fault-4,val
0.45184645,0.14659871,-0.54315627,0.45061,0.47392,1.1768785,2,cooling_fault-4,val
0.45118257,0.13434544,-0.11376387,0.44972125,0.47988,3.4946685,2,cooling_fault-4,val
0.41309872,0.113936044,0.38065258,0.45223126,0.47988,1.9166622,2,cooling_fault-4,val
0.49231935,0.1018004,0.30093145,0.45143625,0.47988,0.3444767,2,cooling_fault-4,val
0.5207652,0.10521721,0.30848613,0.44170874,0.4633,-0.89120996,2,cooling_fault-4,val
0.53047675,0.099694796,-0.10981742,0.4390325,0.46716,-0.86210054,2,cooling_fault-4,val
0.49649614,0.110025555,-0.49945596,0.4387125,0.46716,-0.7806933,2,cooling_fault-4,val
0.44449872,0.0682024,-0.14738129,0.4448975,0.46716,-1.306534,2,cooling_fault-4,val
0.48232517,0.10849565,0.4161542,0.45960876,0.50966,0.040544555,2,cooling_fault-4,val
0.54695225,0.11592085,0.5120492,0.4678625,0.50966,-0.63407403,2,cooling_fault-4,val
0.51296645,0.15358493,-0.6232195,0.47129124,0.50966,-0.5287204,2,cooling_fault-4,val
0.4943142,0.14485462,-0.35131645,0.470125,0.50966,0.19396147,2,cooling_fault-4,val
0.41272515,0.119006075,0.09239371,0.45103124,0.47618,-1.4846587,2,cooling_fault-4,val
0.4489671,0.11790885,-0.08813177,0.440215,0.47618,-1.2529833,2,cooling_fault-4,val
0.43132773,0.110189274,0.0131598385,0.44040376,0.48638,-0.64114684,2,cooling_fault-4,val
0.7206284,0.43811408,2.3829803,0.45492876,0.49142,-1.4812555,2,cooling_fault-4,val
1.1207923,0.55160046,3.3958452,0.4664425,0.49142,-0.10970407,2,cooling_fault-4,val
1.4760175,0.27158445,0.95967823,0.463735,0.49142,-0.4887763,2,cooling_fault-4,val
1.5905136,0.11677281,-0.33834967,0.44966874,0.4678,-0.5172584,2,cooling_fault-4,val
1.4455484,0.21818215,-0.93083566,0.4426675,0.46634,-0.66425234,2,cooling_fault-4,val
1.1269135,0.4488508,-2.7692938,0.441675,0.45694,-0.9364427,2,cooling_fault-4,val
0.7578258,0.4011568,-2.3871799,0.44918624,0.46592,-0.3564886,2,cooling_fault-4,val
0.49471807,0.11344895,-0.30404854,0.4562225,0.46738,-0.8787665,2,cooling_fault-4,val
0.48320386,0.11286257,0.23764645,0.46015126,0.47268,-0.81767833,2,cooling_fault-4,val
0.49540645,0.11232753,-0.19349661,0.45653126,0.47268,0.34288377,2,cooling_fault-4,val
0.49238774,0.0977456,-0.20095113,0.446655,0.47268,-1.324159,2,cooling_fault-4,val
0.5269168,0.123728946,0.67618984,0.44633126,0.48078,-0.5771409,2,cooling_fault-4,val
0.5307413,0.11376383,-0.08011016,0.43936625,0.48078,-0.53923595,2,cooling_fault-4,val
0.48583162,0.17167778,-0.96667403,0.442695,0.48078,-0.23561668,2,cooling_fault-4,val
0.40183935,0.11918786,-0.25443098,0.43922874,0.4524,0.8790073,2,cooling_fault-4,val
0.3867097,0.11369269,0.14197451,0.44487876,0.4524,-0.7358218,2,cooling_fault-4,val
0.41571742,0.119735904,0.2810792,0.4542175,0.48734,-0.5911758,2,cooling_fault-4,val
0.51314515,0.16521832,0.47394872,0.45235124,0.48734,-1.0345743,2,cooling_fault-4,val
0.5701258,0.1810941,0.4290266,0.449925,0.48734,-1.2466955,2,cooling_fault-4,val
0.60171807,0.16072309,-0.58165014,0.4449525,0.47062,-1.3402159,2,cooling_fault-4,val
3.301724,0.11028909,-0.34452194,0.47454876,0.49722,-0.72264946,2,cooling_fault-5,test
3.1895394,0.17791133,-0.8286503,0.48183125,0.50956,-1.1497886,2,cooling_fault-5,test
2.9838967,0.26897055,-1.58058,0.48345125,0.50956,-1.1769555,2,cooling_fault-5,test
2.8173928,0.17815085,-0.6532316,0.48373875,0.50956,-1.2993319,2,cooling_fault-5,test
2.6466076,0.16551036,-0.6589921,0.45852876,0.50692,-0.80960107,2,cooling_fault-5,test
2.49838,0.23524919,-1.3044324,0.4389025,0.49596,-1.2872156,2,cooling_fault-5,test
2.3632123,0.15289843,-0.4612674,0.42174625,0.46168,0.70322365,2,cooling_fault-5,test
2.1535645,0.23314188,-1.027756,0.431375,0.47006,-0.7183433,2,cooling_fault-5,test
2.0279891,0.24929272,-1.3869025,0.43332374,0.47006,-1.159762,2,cooling_fault-5,test
1.7590638,0.20309438,-1.1087033,0.449635,0.48962,-0.67886007,2,cooling_fault-5,test
1.5813245,0.22723168,-1.3197687,0.447995,0.48962,-1.0610664,2,cooling_fault-5,test
1.4024361,0.14900629,-0.76637226,0.4513175,0.48962,-1.0284736,2,cooling_fault-5,test
1.2356246,0.1516471,-0.7673071,0.44875,0.4889,-0.43100363,2,cooling_fault-5,test
1.1240767,0.17738527,-1.0607845,0.44182876,0.46824,-1.1929764,2,cooling_fault-5,test
0.9548258,0.14918979,-0.85999405,0.444935,0.47308,-0.7267728,2,cooling_fault-5,test
0.85174,0.13024221,-0.67199033,0.4438575,0.47308,-0.8201873,2,cooling_fault-5,test
0.70793223,0.13914458,-0.6932037,0.45426625,0.47308,-0.688899,2,cooling_fault-5,test
0.6674194,0.14300182,-0.30418983,0.449035,0.46702,-1.0163223,2,cooling_fault-5,test
0.5550226,0.14046155,-0.271185,0.453175,0.4684,-1.5483552,2,cooling_fault-5,test
0.528191,0.15124218,-0.74370724,0.45715,0.47272,-1.2300276,2,cooling_fault-5,test
0.4754071,0.110923156,0.2809563,0.45313874,0.47272,0.2740861,2,cooling_fault-5,test
0.50878066,0.115838826,0.30208063,0.44735876,0.48028,-1.1480176,2,cooling_fault-5,test
0.5363297,0.11787007,0.08380064,0.43970874,0.48028,-0.9542403,2,cooling_fault-5,test
0.55957097,0.0961771,0.0018367742,0.43645626,0.48028,-0.57416517,2,cooling_fault-5,test
0.56073487,0.09137638,0.22557727,0.43205124,0.48028,-0.21460731,2,cooling_fault-5,test
0.58409935,0.069858715,0.015835645,0.42920625,0.46352,-0.76674646,2,cooling_fault-5,test
0.53955615,0.120582536,-0.31114644,0.43946624,0.48104,-1.4054214,2,cooling_fault-5,test
0.5081155,0.12721914,-0.3245284,0.44530126,0.48104,-0.74075896,2,cooling_fault-5,test
0.4749871,0.12781273,0.20422354,0.44478124,0.4812,-0.95539665,2,cooling_fault-5,test
0.52718645,0.117696166,0.24529839,0.448075,0.4911,-1.1633137,2,cooling_fault-5,test
0.49129033,0.14328247,-0.1617813,0.4556575,0.4911,-0.7340602,2,cooling_fault-5,test
0.5386613,0.14593679,0.02949242,0.466365,0.4911,-0.973651,2,cooling_fault-5,test
0.55068773,0.15098982,0.6948745,0.46134,0.48316,0.05510101,2,cooling_fault-5,test
0.6232123,0.10007424,0.10687355,0.45081374,0.48316,-1.283866,2,cooling_fault-5,test
0.5871755,0.12171506,-0.32289192,0.44715625,0.48316,-0.90303236,2,cooling_fault-5,test
0.5301516,0.1440178,-0.46741742,0.44004375,0.46924,-0.87183887,2,cooling_fault-5,test
0.43112257,0.13905115,-0.34768015,0.4476,0.46924,-1.2422272,2,cooling_fault-5,test
0.47121677,0.15836707,0.22714306,0.4514425,0.46924,-1.2908384,2,cooling_fault-5,test
0.47742128,0.1528301,0.66772306,0.4526875,0.4654,-1.0791538,2,cooling_fault-5,test
0.5161426,0.11907035,-0.20836064,0.45360124,0.49296,0.68892795,2,cooling_fault-5,test
0.49464968,0.087865114,-0.115634516,0.46490875,0.49838,-0.8967524,2,cooling_fault-5,test
0.47304904,0.07704467,-0.018698227,0.46924126,0.49838,-0.84672874,2,cooling_fault-5,test
0.5083729,0.08668206,0.05845645,0.4740275,0.49838,-1.3790828,2,cooling_fault-5,test
0.54153615,0.11329323,0.25503436,0.46621874,0.48556,-1.2601389,2,cooling_fault-5,test
0.5788142,0.10750144,0.07116193,0.45683625,0.47946,1.021246,2,cooling_fault-5,test
0.59972066,0.10059495,0.14580677,0.4442075,0.4708,-1.1055839,2,cooling_fault-5,test
0.5971071,0.09565735,-0.1916163,0.43913874,0.46428,-1.0369548,2,cooling_fault-5,test
0.54418063,0.13117804,-0.5925547,0.43297625,0.46356,-0.3296215,2,cooling_fault-5,test
0.4725916,0.13019931,-0.4938179,0.43594375,0.46356,-0.871191,2,cooling_fault-5,test
0.43264967,0.10160335,-0.060922258,0.44233,0.4942,-0.5881952,2,cooling_fault-5,test
0.47194389,0.10178672,0.23803549,0.458285,0.50164,-1.5366225,2,cooling_fault-5,test
0.5016161,0.16445582,0.10045452,0.4725925,0.50164,0.5435044,2,cooling_fault-5,test
0.5850129,0.19501872,0.22707145,0.4819625,0.50164,-0.58658147,2,cooling_fault-5,test
0.528991,0.24105404,-0.81603193,0.46595874,0.489,-0.5076965,2,cooling_fault-5,test
0.4660458,0.20637004,-0.7685047,0.46039626,0.48688,-0.5071329,2,cooling_fault-5,test
0.39493743,0.11922035,0.23419596,0.45255375,0.47598,-0.49568063,2,cooling_fault-5,test
0.4203755,0.0882238,0.26255855,0.44631,0.47598,0.24171753,2,cooling_fault-5,test
0.44468904,0.09682281,-0.015168871,0.43274,0.46358,-0.7159384,2,cooling_fault-5,test
0.43499547,0.11746898,0.005603226,0.42818874,0.46058,-0.22204,2,cooling_fault-5,test
0.45703483,0.124643214,0.37255886,0.43677124,0.46806,-1.0593232,2,cooling_fault-5,test
0.45978323,0.13091066,0.19306694,0.44784,0.47618,-0.84762377,2,cooling_fault-5,test
0.4992897,0.10394825,-0.044327904,0.45128125,0.47618,0.12317411,2,cooling_fault-5,test
0.4813,0.11111868,-0.012896613,0.44727126,0.47618,0.08462437,2,cooling_fault-5,test
0.6275774,0.33198753,1.4495158,0.4471825,0.47692,-0.28846937,2,cooling_fault-5,test
0.8848368,0.43117267,2.4769216,0.46003374,0.4963,-0.98233396,2,cooling_fault-5,test
1.1807368,0.35963836,1.7526662,0.463845,0.4963,-0.74104375,2,cooling_fault-5,test
1.4725645,0.2584174,1.2695535,0.46234125,0.4963,-0.24080719,2,cooling_fault-5,test
1.2815535,0.4855252,-1.6950692,0.4507425,0.4805,0.2979345,2,cooling_fault-5,test
1.010142,0.58842766,-3.2560332,0.44909,0.4638,-1.2780797,2,cooling_fault-5,test
0.6052574,0.27965152,-1.1532339,0.45422626,0.48756,-0.7772756,2,cooling_fault-5,test
0.4630097,0.10985533,-0.18109936,0.4622575,0.48756,-0.5245979,2,cooling_fault-5,test
0.47957936,0.11172153,0.11440113,0.45677876,0.48756,-0.21221988,2,cooling_fault-5,test
0.49853742,0.12791654,0.5225971,0.45301375,0.48756,-0.7180989,2,cooling_fault-5,test
0.5411929,0.082961835,-0.06977613,0.44577375,0.4693,-0.296495,2,cooling_fault-5,test
0.50091547,0.10682225,-0.41430774,0.44597125,0.4693,0.55612546,2,cooling_fault-5,test
0.4732684,0.11520625,0.0021474194,0.4559675,0.4835,-1.0442122,2,cooling_fault-5,test
0.46525356,0.13147092,0.28081694,0.4583975,0.4835,-1.4119121,2,cooling_fault-5,test
0.47824517,0.12914452,0.19079468,0.46203,0.4835,-0.4267996,2,cooling_fault-5,test
0.50632256,0.12749527,-0.05197887,0.4451725,0.48334,-1.3897501,2,cooling_fault-5,test
0.49010193,0.104941316,-0.12836322,0.43544626,0.48076,-0.7862461,2,cooling_fault-5,test
0.4964813,0.11349024,-0.18827419,0.42689124,0.45224,-0.954713,2,cooling_fault-5,test
0.52804965,0.118189156,0.40732452,0.43622625,0.45458,0.18114261,2,cooling_fault-5,test
0.5656148,0.12529397,0.11164306,0.43573374,0.45964,-0.4657888,2,cooling_fault-5,test
0.5634445,0.117928155,-0.3811979,0.44576,0.49512,-0.5432622,2,cooling_fault-5,test
